id_osc,nome,email,endereco,telefone,natureza_juridica,situacao_cadastral
1354507,ASSOCIACAO DE AMIGOS DA NATUREZA COLONIA NOVA - NOVA PRATA DO IGUACU,,"COMUNIDADE LINHA COLONIA NOVA, LOTE  86",41 91976728,Associação Privada,Ativas
1354891,ASSOCIACAO ACQUA VIDA E ESPORTES DE MARINGA,GUSTAVOVIDO@HOTMAIL.COM,"RUA VEREADOR JOSE MARIO HAUARI, CASA  A",44 99110883,Associação Privada,Ativas
1354355,ASSOCIACAO DOS CONDOMINOS DO EDIFICIO ARAUNA'S RESIDENCE,ALCEUDOMENICO@GMAIL.COM,RUA AFONSO BOTELHO,42 99778005,Associação Privada,Ativas
1354572,"ASSOCIACAO DE MORADORES DA LINHA FARROUPILHA DE FRANCISCO BELTRAO, ESTADO DO PARANA",COMUNELO@COMUNELO.COM.BR,RUA PRINCIPAL,46 35203750,Associação Privada,Ativas
1354518,ASSOCIACAO TORNADO BELTRAO FUTSAL,ESCRITORIOGODOYFB@GMAIL.COM,AVENIDA PARANA,46 88097901,Associação Privada,Ativas
1354908,ASSOCIACAO PROJETO SOCIAL INTERCULTURAL DE ENSINO DA LINGUA PORTUGUESA PARA ESTRANGEIROS E ASSISTENCIA SOCIAL,SERVDATA.07@GMAIL.COM,"RUA PRESIDENTE COSTA E SILVA, ANEXO UNINTTER",46 91265940,Associação Privada,Ativas
1354404,ASSOCIACAO AGUA BOA DE LINHA PESCHISKY,CONTABILIDADE@LS.PR.GOV.BR,"AREA COMUNIDADE RURAL DE LINHA PESCHISKY, PAVLH PAVILHAO",42 84397953,Associação Privada,Ativas
1354909,IGREJA EVANGELICA PENTECOSTAL DEUS E POR NOS,AMELIOSERVICOS@HOTMAIL.COM,"RUA CARNAUBA, ANEXO JD HABITACIONAL BUBA",45 99510144,Organização Religiosa,Inaptas
1354954,ASSOCIACAO FILANTROPICA CONSTRUTORES DO BEM,ESCRITORIOESCRITA@GMAIL.COM,RUA BELO HORIZONTE,45 99427593,Associação Privada,Ativas
1354969,ASSOCIACAO DOS PRODUTORES RURAIS DOS BAIRROS DO QUARENTA E COLONIA SAO MIGUEL - APQC,ESCRITORIO.MOREIRA@HOTMAIL.COM,ESTRADA DO QUARENTA DE BAIXO,43 99231770,Associação Privada,Ativas
1354955,ASSOCIACAO MARINGAENSE DE AJUDA AOS ANIMAIS RESGATADOS (AMAAR),CONTATO@NESCON.COM.BR,"AVENIDA TIRADENTES, APT   1701",44 84548193,Associação Privada,Ativas
1355091,IGREJA EVANGELICA ASSEMBLEIA DE DEUS MINISTERIO LIVRE,ASABRASILCASCAVEL@GMAIL.COM,RUA BELEM,45 99379144,Organização Religiosa,Ativas
1355112,TEMPLO AMOR E CARIDADE - UNIVERSALISMO CRISTICO,,AVENIDA 7 DE SETEMBRO,44 99691157,Organização Religiosa,Ativas
1355143,GRUPO MUZENZA DE CAPOEIRA,MESTREBURGUES@HOTMAIL.COM,"RUA PROFESSORA DONA LULU, CASA  01                  COND  DIAMANTINA IV CJ RES",41 72537339,Associação Privada,Ativas
1355148,COMUNIDADE JERUSALEM DE CASCAVEL - PR,ALISSON@ARAUJOTREINAMENTOS.COM,RUA POENTE DO SOL,45 99108878,Organização Religiosa,Suspensas
1355189,ASSOCIACAO DOS TRABALHADORES INTERMUNICIPAIS DE TUNEIRAS DO OESTE,JVCA.ADVOGADO@GMAIL.COM,RUA CIANORTE,44 98676575,Associação Privada,Inaptas
1355308,A.R.E.P.A  ASSOCIACAO REVIVER ESPERANCA - PORTO AMAZONAS,XXX@GMAIL.COM,RUA AVENIDA PORTO AMAZONAS,42 90000000,Associação Privada,Ativas
1355305,ASSOCIACAO JUDO CARLOS SILVA - A.J.C.S.,EQUIPE@ACSJUDO.COM.BR,"RUA FAGUNDES VARELA, LOJA  01",42 88089933,Associação Privada,Ativas
1355392,IGREJA PENTECOSTAL RECOMECANDO COM JESUS,ORDONHESFRAN@GMAIL.COM,RUA PADRE ESTANISLAU PIASECKI,41 98274600,Organização Religiosa,Ativas
1355384,IGREJA ADONAI O REFUGIO - IAR,MARIAALVESDASILVA846@GMAIL.COM,AVENIDA ANCHIETA,44 32740461,Organização Religiosa,Ativas
1355530,ASSOCIACAO DOS LOJISTAS DO CIANORTINHO,,RUA ALFAZEMA,44 99294651,Associação Privada,Ativas
1355317,ASSOCIACAO AMIGOS DE NOE - CENTRO DE PROTECAO E DEFESA DOS ANIMAIS E MEIO AMBIENTE DE SANTO INACIO - PR,LUIZCELESTINO1003@GMAIL.COM,RODOVIA PR 340,44 97094710,Associação Privada,Ativas
1355646,ASSOCIACAO LONDRINENSE DE CRIADORES DE CURIO E BICUDO,JAIR@JCCONTAB.COM.BR,RUA JOHANN GUTEMBERG,43 33475579,Associação Privada,Ativas
1355664,AMVF - ASSOCIACAO DE MORADORES DE SHANGRILA II - VILA DAS FLORES,EFISACONTABIL@HOTMAIL.COM,RUA GUARAQUECABA,41 34586902,Associação Privada,Ativas
1355689,ASSOCIACAO DE MORADORES VALE DO COUNTRY,LEGALIZACAO1@GERENCIALCONTABIL.COM.BR,AVENIDA SILVA JARDIM,46 35364269,Associação Privada,Ativas
1355924,IGREJA PENTECOSTAL JESUS CRISTO E FIEL,CCMACM@HOTMAIL.COM,RUA RUA MIGUEL DO CARMO,41 98494183,Organização Religiosa,Ativas
1355795,ONG/ASSOCIACAO PROTETORES DOS ANIMAIS DE PINHAL,ALVORADA223@HOTMAIL.COM,RUA ABEL AMARAL DOS SANTOS,43 35511280,Associação Privada,Ativas
1356100,FAMILIA REDENCAO SANTA TEREZINHA DE ITAIPU,ESCQUIRINO@GMAIL.COM,AVENIDA AVENIDA ADOLPHO LOLLATO,44 30317690,Organização Religiosa,Ativas
1356130,CONGREGACAO MISSIONARIA DO SANTISSIMO REDENTOR,REDEPARK167@GMAIL.COM,RUA UBALDINO DO AMARAL,41 87312911,Organização Religiosa,Ativas
1356106,LAR DOS IDOSOS ANA FERREIRA BRITES,ASSISTERAMI@HOTMAIL.COM,RUA SALVADOR,45 32581300,Associação Privada,Ativas
1356125,ASSOCIACAO DA BANDA SCORPIONS,SARAHGABRIELLI29@GMAIL.COM,RUA JOAO MARQUES DA SILVA,41 87365916,Associação Privada,Ativas
1356133,ASSOCIACAO DA INSTITUIDORA E DOS LOCATARIOS DO VBI LOG ARAUCARIA,A@A.COM.BR,RUA PEDRO DE ALCANTARA MEIRA,11 23442525,Associação Privada,Ativas
1356243,COMUNIDADE MISSIONARIA BETEL,CMB@GMAIL.COM,RUA HENRIQUE STADLER,42 11111111,Associação Privada,Ativas
1356441,INSTITUTO XAMANICO CORACAO DA TERRA,CONTABILIDADE@ELEVENCONTABILIDADE.COM.BR,"ESTRADA CAMPESTRINO A BARREIROS,",41 98568723,Organização Religiosa,Ativas
1356247,IGREJA URBANA PONTA GROSSA,VICTOR.MARCONDES.GOMES@GMAIL.COM,RUA GOVERNADOR BENTO MUNHOZ DA ROCHA NETO,42 88053052,Organização Religiosa,Ativas
1356420,ASSOCIACAO LONTRENSE DE APICULTORES E MELIPONICULTORES - ALAMEL,EDERFROZZA@IDR.PR.GOV.BR,RUA SETEMBRINO CASTANHO OLIVEIRA,46 88366520,Associação Privada,Ativas
1356543,IGREJA APOSTOLICA PLENITUDE DA BENCAO DE CRISTO,GISELIRODRIGUEZ@OUTLOOK.COM,RUA OURO,41 89007473,Organização Religiosa,Ativas
1356608,IGREJA UNIDOS A CRISTO,BELAVISTA.CONTABILISTA@GMAIL.COM,RUA CRESCENCIO MARTINS,46 32521543,Organização Religiosa,Ativas
1356603,"ASSOCIACAO DE MORADORES DO JARDIM RIO DE JANEIRO E SAO JOSE PARTE 1, 2 E 3",ESCRITORIOARAUCARIA.ADM@OUTLOOK.COM,RUA 107,44 97411103,Associação Privada,Ativas
1356662,INSTITUTO MORRO DOS ANJOS,LICENCAS@PACTOEBYTES.COM.BR,"AVENIDA PREFEITO MOACIR CASTANHO, SALA  05",43 35424317,Associação Privada,Ativas
1356719,IGREJA PRESBITERIANA DE JUNDIAI DO SUL,REV_JOAOPEPI@HOTMAIL.COM,RUA SAO FRANCISCO,47 99922173,Organização Religiosa,Ativas
1356699,INSTITUTO 21 DE ABRIL DE EDUCACAO E CULTURA,ORTEC@TERRA.COM.BR,"AVENIDA DESEMBARGADOR HUGO SIMAS, SALA  108                 ANDAR TR                  BLOCO MILCENTOEVINTE ED",41 99726069,Associação Privada,Ativas
1356757,ASSOCIACAO TURISTICA DE VERE - ATV,MARCIANE_KIAPETTI@HOTMAIL.COM,"RODOVIA PR 475, KM 38",46 99061124,Associação Privada,Ativas
1356754,ASSOCIACAO DE MORADORES DA NOVA TIRADENTES CIC,CONTATO@FETESPAR.ORG.BR,RUA DOS PALMENSES,41 96404482,Associação Privada,Ativas
1356969,ASSOCIACAO RESIDENCIAL PARQUE LAGO AZUL,ESCRITORIO_UMUARAMA@HOTMAIL.COM,"RUA CLAUDINO FERNANDES, LOTE  40",44 91085395,Associação Privada,Ativas
1356999,ASSOCIACAO DO BLOCO D DO RESIDENCIAL CIDADE UNIVERSITARIA,SONIAFACHIN@GMAIL.COM,AVENIDA GUEDNER,44 99820807,Associação Privada,Inaptas
1356905,IGREJA MISSAO EVANGELISTICA MUNDIAL,IVONEL.DOMBROSKI@YAHOO.COM.BR,RUA BOM JESUS DE IGUAPE,41 96536078,Organização Religiosa,Ativas
1357041,ASSOCIACAO DEUS ESPERANCA E AMOR,LICENCAS@PACTOEBYTES.COM.BR,"AVENIDA EDELINA MENEGHEL RANDO, LOTE  02",43 35424317,Associação Privada,Ativas
1357050,ASSOCIACAO DE APOIO AO DESENVOLVIMENTO HUMANO,LZ.GRINKO@GMAIL.COM,RUA JOSE DALPRA,41 99178756,Organização Religiosa,Ativas
1357051,ASSOCIACAO DE ASSISTENCIA SOCIAL CELEBRAR,ANDREPAIXAO.CERENE@GMAIL.COM,"RUA BENJAMIN CONSTANT, CONJ  1104                ANDAR 10                  COND  LONDON CJ CMRL",41 30450556,Associação Privada,Ativas
1357053,ASSOCIACAO FLAVIA CRISTINA,ADM@AF.ORG.BR,RUA CRISTIANO MACHADO,43 33274828,Associação Privada,Ativas
1357056,ASSOCIACAO FLAVIA CRISTINA,ADM@AFC.ORG.BR,RUA VISCONDE DE MAUA,43 33274828,Associação Privada,Ativas
1357200,ASSOCIACAO DE INTEGRACAO UNIAO DOS PRODUTORES RURAIS DO BAIRRO MARRECA - AIUM,PARNACONTABIL@HOTMAIL.COM,"SITIO VIZINI, TERREOZONA RURAL",44 91652535,Associação Privada,Ativas
1357454,ASSOCIACAO ESPORTIVA NILO NEVES,ASSOCIACAOESPORTIVANILONEVES@GMAIL.COM,"RUA JOAO ANTUNES BRANCO, CASA  6A2                 COND  CACHOEIRA RES",41 91717573,Associação Privada,Ativas
1357438,ASSOCIACAO DOS CATADORES E RECICLADORES DE PAICANDU,CONTABILIDADE.MAP@OUTLOOK.COM,"ESTRADA COLOMBO GLEBA RIBEIRAO COLOMBO, LOTE  218",44 30234009,Associação Privada,Ativas
1357453,CTEBB - CLUBE DE TIRO ESPORTIVO BERCI BRITO,ALAMBARI_ARMAS@OUTLOOK.COM.BR,"ESTRADA COLORADO, KM    19                  LOTE  05/C-B-2",44 84557013,Associação Privada,Ativas
1357508,ASSOCIACAO KADOSH DE ASSISTENCIA PSICOSSOCIAL E A SAUDE A PORTADORES DE TRANSTORNOS MENTAIS,RESIDENCIAKADOSH@GMAIL.COM,RUA DESEMBARGADOR JOSE CARLOS RIBEIRO RIBAS,41 98216540,Associação Privada,Ativas
1357538,ASSOCIACAO TIME PANTHERA DE SERRANOPOLIS DO IGUACU - TRILHA DA ONCA PNI,ACERCONT@HOTMAIL.COM,COMUNIDADE LINHA DIVISA DO PARQUE,45 32361300,Associação Privada,Ativas
1357591,ASSOCIACAO PARANAENSE DE ADMINISTRADORES JUDICIAIS - APAJUD,ATILA@ASPSA.COM.BR,AVENIDA PRESIDENTE WASHINGTON LUIZ,41 99671012,Associação Privada,Ativas
1357623,ASSOCIACAO COMUNIDADE MENINO JESUS - ACMJ,CONTABILIDADEVIGANO@HOTMAIL.COM,ESTRADA SANTA MONICA,45 84134862,Associação Privada,Ativas
1357731,ASSOCIACAO DOS RECICLADORES DE QUARTO CENTENARIO - PR - RECICLA - QC,ROGERIO_CASABRANCA@HOTMAIL.COM,RUA MANOEL PRETO,44 98047581,Associação Privada,Ativas
1357658,ASSOCIACAO NATAL ILUMINADO DE DOIS VIZINHOS,JOE.GODOIS@GMAIL.COM,"RUA PARMA, LOTE  JARDIM ITALIA",46 99148323,Associação Privada,Ativas
1357776,ASSOCIACAO DA UNIAO NACIONAL DAS IGREJAS,NTEC@NTECFOZ.COM.BR,"RUA RUI BARBOSA, SALA  101",45 35231131,Associação Privada,Ativas
1358008,MINISTERIO IMERSAO EM CRISTO,GILSONFERRI521@GMAIL.COM,RUA ALCIDIO CUBAS,41 99564402,Organização Religiosa,Ativas
1358200,ASSOCIACAO DOS PROPRIETARIOS DE QUIOSQUES DE MATINHOS,VOLARECONTABILIDADEE@GMAIL.COM,RUA BOM SUCESSO,41 98907146,Associação Privada,Inaptas
1357777,ASSOCIACAO MUNDO DE  YASMIN,ANICETO.COSTA@UOL.COM.BR,"RUA FAUSTINO RIVABEM, CASA  13",41 95658606,Associação Privada,Ativas
1358487,ASSOCIACAO GESA - GERANDO SALVACAO,CAMARGO@CONTABILIDADECAMARGO.COM.BR,RUA ALBINO ORTIGARA,42 98213077,Associação Privada,Ativas
1358490,SOCIEDADE ESPIRITUALISTA E INSTITUICAO RELIGIOSA DE UMBANDA CASA DA VO TONINHA,CASADAVOTONINHA.CVT@GMAIL.COM,RUA JOSE DORIGO,41 96709227,Organização Religiosa,Ativas
1358385,ASSOCIACAO BRASILEIRA DE DEFESA DA LIVRE CONCORRENCIA - ABRADELIVRE,NELLOMORLOTTI@HOTMAIL.COM,"AVENIDA PRESIDENTE AFFONSO CAMARGO, APT   3202                ANDAR 32                  COND  REAL PLAZA ED",41 87141031,Associação Privada,Ativas
1358695,AUGUSTA E RESPEITAVEL LOJA SIMBOLICA ACACIA DO PARANA,ARLSACACIADOPARANA@GMAIL.COM,"AVENIDA NOSSA SENHORA DE FATIMA, SALA  SLA.COM.1-BL1-1PAV.",44 98523084,Associação Privada,Ativas
1358697,ASSOCIACAO CRISTA FERMATA,FERMATAPASTORES@GMAIL.COM,RUA DOUTOR JOAO MOTTER,41 99172811,Associação Privada,Ativas
1358793,ASSOCIACAO ROYALE PREMIUM - CAMPO MOURAO,CONTROLADORIA@CORPALMS.COM.BR,RUA 02,67 34169901,Associação Privada,Ativas
1358750,ASSOCIACAO REAL DOS PEQUENOS AGRICULTORES,VALDIRMST@HOTMAIL.COM,"ESTRADA JURITI, ASSENTAMENTO PONTAL DO TIGRE",44 88473759,Associação Privada,Ativas
1358881,IGREJA PENTECOSTAL APERFEICOANDO EM CRISTO - IPAEC,CHELLAN.TELLRY@HOTMAIL.COM,RUA DIADEMA,42 84443260,Organização Religiosa,Ativas
1359195,ASSOCIACAO RECICLANDO IDEIAS,RECICLANDOIDEIASASSOCICACAO@GMAIL.COM,AVENIDA XV DE NOVEMBRO,41 98205310,Associação Privada,Ativas
1359163,ASSOCIACAO HAITIANA NO ESTADO DO PARANA (AHEP),ASSOCIACAOHAITIANEMESTADO2021@GMAIL.COM,RUA FRANCISCO SILVEIRA DA ROCHA,44 98765495,Associação Privada,Ativas
1359226,COMUNIDADE CRISTA VIDA PLENA,CONTABILIDADE@HATAOKA.COM.BR,AVENIDA AVENIDA PRESIDENTE CASTELO BRANCO,44 97030686,Associação Privada,Ativas
1359308,ASSOCIACAO DE CICLISMO DE REALEZA - ACR,DIEGOGRABOVSKI@HOTMAIL.COM,RUA JOSE DE ALENCAR,46 88031887,Associação Privada,Ativas
1359431,ASSOCIACAO COMUNITARIA MORADIA DOS NOBRES E BOSQUE ESPORTIVO,LAWRENCENOGUEIR@GMAIL.COM,RUA EXPEDICIONARIO FRANCISCO PEREIRA DOS SANTOS,41 32245000,Associação Privada,Inaptas
1359213,INSTITUTO JHONN BARBER,XXX@XXX.COM.BR,"RUA SANTOS DUMONT, SALA  01",42 90000000,Associação Privada,Ativas
1359469,ASSOCIACAO DOS PARTICIPANTES DO EMPREENDIMENTO EDIFICIO ARIA RESIDENCE,CONTATO@ESCRITORIORENOME.COM.BR,"AVENIDA CAPITAO INDIO BANDEIRA, SALA  601",44 35232865,Associação Privada,Ativas
1359692,IGREJA BATISTA BETEL EM TOLEDO,ATUAL.ORG@HOTMAIL.COM,RUA PRIMEIRO DE MAIO,45 99480929,Organização Religiosa,Ativas
1359435,APRENDER - ASSOCIACAO DE ENSINO E APOIO EDUCACIONAL DE CAFELANDIA,APRENDERCAFELANDIA@GMAIL.COM,RUA INTES DOLAR FONTANA,45 32412600,Associação Privada,Ativas
1359735,CENTRO DE RESSIGNIFICACAO EDUCACIONAL RENASCER - CRER,ELIETE@PRAMIO.COM.BR,RODOVIA POV GUARAUNA COLONIA PAU FURADO,41 95314099,Associação Privada,Ativas
1359676,ASSOCIACAO OPERA EDUCACAO,VANESSAMASSARO10@HOTMAIL.COM,"AVENIDA JOAO GUALBERTO, SALA  301                 ANDAR 03                  COND  OPERA MATTEO ED",41 99978003,Associação Privada,Ativas
1359704,INSTITUTO UNIMED CURITIBA,REJANE@RPCONTABIL.COM.BR,AVENIDA AFFONSO PENNA,41 30219303,Associação Privada,Ativas
1359750,I. B. R. R. - INSTITUICAO BENEFICENTE REGIONAL DE RONCADOR,IBRR.RONCADOR3575@GMAIL.COM,AVENIDA DAS PALMEIRAS,44 84364859,Associação Privada,Ativas
1359807,ASSOCIACAO CHEVETTE E ANTIGOS DE PONTA GROSSA,CAPGAUTOMOVELCLUBE@GMAIL.COM,RUA HENRIQUE PORTELA DE ALMEIDA,42 98288459,Associação Privada,Ativas
1359789,IGREJA UNIVERSAL DO REINO DE DEUS,ATAS@SP.UNIVERSAL.ORG.BR,RUA TENENTE CORONEL CARLOS SOUZA,11 23926734,Organização Religiosa,Ativas
1359811,SCUDERIA FERRARI CLUB CURITIBA-BRAZIL,LORENZO@ASSESSORE.COM.BR,"AVENIDA CANDIDO DE ABREU, CONJ  903                 COND  JOSE CONRADO RIEDEL BLOCO JOSE CONRADO RIEDEL",41 32740770,Associação Privada,Ativas
1359818,ROTARY CLUB JARDIM ALEGRE,PRADOCONTABILIDADE@5GMAIL.COM,"RUA SANTO ANTONIO, SALA  TERREO",43 34751167,Associação Privada,Ativas
1359885,INSTITUTO DE REABILITACAO AUDITIVA JONATAS RODRIGUES,CONTATO@INSTITUTOJONATAS.ONG.BR,AVENIDA COMENDADOR AMORIM PEDROSA MOLEIRINHO,44 91434123,Associação Privada,Ativas
1360176,IGREJA PENTECOSTAL DOUTRINA DOS APOSTOLOS - IPDA,IPDASECRETARIA@GMAIL.COM,RUA ANTONIO PILEGI,44 98651664,Associação Privada,Ativas
1360005,INPLANTAR INSTITUTO DE PLANEJAMENTO DESENVOLVIMENTO E GESTAO TERRITORIAL DO NOROESTE DO PARANA,EVANDRO.ZANINI@HOTMAIL.COM,RUA ILMA PEREIRA MACHADO,44 91235727,Associação Privada,Suspensas
1360021,IGREJA PENTECOSTAL LIRIO DOS VALES - CAFELANDIA - PARANA,EMERSON@PIERDONA.COM.BR,RUA PADRE LUIS LUISE,45 99838221,Organização Religiosa,Ativas
1360120,ASSOCIACAO GALERIA CAFE DENOMINADA AMA,PDMAGROPECUARIA@GMAIL.COM,"RUA TOM JOBIM, CASA  204",45 32279426,Associação Privada,Ativas
1360115,ZENDO CURITIBA,ZENDOCURITIBA@GMAIL.COM,"TRAVESSA NESTOR DE CASTRO, SALA  01                  ANDAR 01                  COND  DA GLORIA ED",41 91176232,Organização Religiosa,Ativas
1360276,IGREJA EVANGELICA ORVALHO DA RESTAURACAO,FIEB.ADM2021@GMAIL.COM,RUA RUA DA PAZ,41 95201971,Organização Religiosa,Ativas
1360292,ASSOCIACAO NACIONAL DE FISIOTERAPIA INJETAVEL,ZEBERNARDINO@HOTMAIL.COM,AVENIDA MAURO MORI,44 35221892,Associação Privada,Ativas
1360272,IGREJA INTERNACIONAL PLENITUDE DE DEUS MINISTERIO CHAMA VIVA,ATENDIMENTO@ACIDEAL.COM.BR,RUA JACARANDA,46 99026868,Organização Religiosa,Ativas
1360332,INSTITUTO DE DIREITO SUSTENTABILIDADE E NEGOCIOS IDSEN,ADMINISTRACAO@NEGRISOARES.COM.BR,"AVENIDA SAO PAULO, SALA  1610",44 91564896,Associação Privada,Ativas
1360347,ASSOCIACAO DE AGRICULTORES PISCICULTORES E AGROINDUSTRIAS DO PALMITAL,CADASTRO@FONTANELLA.CNT.BR,ESTRADA PRINCIPAL DA LINHA PALMITAL - ASSENTAMENTO CELSO FURTADO,46 99082650,Associação Privada,Ativas
1360551,ADATAPAR ASSOCIACAO DE DEFESA E ASSISTENCIA AOS TAXISTAS DO PARANA,ANDRE2015AQUINO@GMAIL.COM,"RUA AYRTON GREIFFO, APT   23                  BLOCO VILA VELHA BL 10 CJ",41 84400836,Associação Privada,Inaptas
1360765,APEDEF ASSOCIACAO PONTAGROSSENSE DE EMANCIPACAO PARA DEFICIENTES,LUWAB@HOTMAIL.COM,RUA ABATIA,42 91270900,Associação Privada,Ativas
1360655,ASSOCIACAO DOS MORADORES DO CONDOMINIO RURAL DE CHACARAS MORADA DA LUA,"OCD.DOURADINA@HOTMAIL.CO,","RODOVIA ERNESTO PAIVA, TERREOZONA RURAL",44 99412321,Associação Privada,Inaptas
1361007,ASSOCIACAO BENEFICENTE AMIGOS SOLIDARIOS-ABAS,SIRLEIWEIBER@HOTMAIL.COM,AVENIDA BRASILIA,45 99821244,Associação Privada,Ativas
1360885,PROJETO SOCIAL TIBAGI,JONILSON-J.F.S@HOTMAIL.COM,RUA PROFESSOR MARTINS FRANCO,42 99953032,Associação Privada,Ativas
1361151,AUTO RESTAURAR - ASSOCIACAO PARA RESTAURACAO DE VEICULOS AUTOMOTORES,MARINA@HDOISASSESSORIA.COM.BR,"RUA JOAO BETTEGA, CONJ  218                 ANDAR 02                  BLOCO GALERIA REGIONAL DO",41 35326256,Associação Privada,Ativas
1361307,IDHEN - INSTITUTO DE DESENVOLVIMENTO HUMANO E EDUCACAO NACIONAL,CLODOALDO_FARIA@HOTMAIL.COM,"AVENIDA DAS INDUSTRIAS, SALA  1                   MZNINO.",44 30293755,Associação Privada,Ativas
1361497,CAIXA DE ASSISTENCIA DOS ADVOGADOS SECAO DO PARANA,ADMIN@CAAPR.ORG.BR,"RUA CANDIDO LOPES, COND  MARINGA ED",41 32505816,Associação Privada,Ativas
1361538,MINISTERIO IGREJA DE JESUS CRISTO,FIEB.ADM2021@GMAIL.COM,RUA PREFEITO PIO ALBERTI,41 95201971,Organização Religiosa,Ativas
1361604,"FEDERACAO DAS ASSOCIACOES EMPRESARIAIS DAS INDUSTRIAS, SERVICOS E COMERCIO DE PERMUTA DO ESTADO DO PARANA",CONTATO@NANUVEMCONTABILIDADE.COM.BR,RUA ALBINO KAMINSKI,41 98039573,Associação Privada,Inaptas
1361934,ASSOCIACAO  AMIGOS  DA  MARIA  FERNANDA,FEMOCLAM@HOTMAIL.COM,RUA SEBASTIAO RODRIGUES DOS SANTOS,41 99889333,Associação Privada,Ativas
1361635,ASSOCIACAO DE FUTSAL ATLETICO CLEVELANDENSE,BELAVISTA.CONTABILISTA@GMAIL.COM,RUA RUA BARAO DO RIO BRANCO,46 32521543,Fundação Privada,Ativas
1362153,INSTITUTO BRASIL SINAGOGA,COMERCIALCERTATV@GMAIL.COM,RUA FORTUNATO FREGONEZE,43 99485363,Associação Privada,Ativas
1361620,ASSOCIACAO DE MORADORES E PROPRIETARIOS DO JARDIM DO BOSQUE - AMPJB,AMPJB.PARANAGUA@GMAIL.COM,"RUA ESTRADA DO IPE, KM    08",41 84743085,Associação Privada,Ativas
1361937,ASSOCIACAO CICLISTICA DE TOLEDO - ACT,SAGACONTABILIDADE@HOTMAIL.COM,RUA BARAO DO RIO BRANCO,45 30552540,Associação Privada,Ativas
1362210,ASSOCIACAO DOS PRODUTORES RURAIS DE SANTA CRUZ DE MONTE CASTELO - AGROCASTELO,CONTATO.SCMONTECASTELO@GMAIL.COM,RODOVIA RODOVIA PR 218 JORGE BAGGIO KM 01 - PARQUE DE EXPOSICOES GOV,44 99133617,Associação Privada,Inaptas
1362211,ASSOCIACAO PROFESSORA AMELIA CASAGRANDE,REJANE@RPCONTABIL.COM.BR,ALAMEDA DOM PEDRO II,41 99575864,Associação Privada,Ativas
1362279,IGREJA EVANGELICA PENTECOSTAL ALMAS PARA CRISTO,MBATISTADACUNHA@GMAIL.COM,RUA ORLANDO HENNEBERG,42 99915400,Organização Religiosa,Inaptas
1362329,ASSOCIACAO CASCAVEL KAYAK CLUB,JULIANOCANOE@HOTMAIL.COM,RUA NATAL,45 99306667,Associação Privada,Ativas
1362216,IGREJA ASSEMBLEIA DE DEUS MARANATA REAL,CONTABILIDADE.DREHER@HOTMAIL.COM,AVENIDA MORENITAS,45 99150162,Organização Religiosa,Ativas
1362470,ASSOCIACAO DE ESPORTES DO NORTE PARANA - AENP,ASSOCIACAOAENP@HOTMAIL.COM,RUA IBRAHIM SOUBHIA,43 84339360,Associação Privada,Ativas
1362476,CAPITULO JERUSALEM I N 129 DE MACONS DO REAL ARCO DO BRASIL,CONTEC@CONTECPR.COM.BR,RUA LEOPOLDO MANSON VAZ,41 30760170,Associação Privada,Ativas
1362282,FRATERNIDADE FEMININA CRUZEIRO DO SUL FILHOS DO PELICANO,MBSCONTABILIDADE@HOTMAIL.COM,AVENIDA MINAS GERAIS,44 91061525,Associação Privada,Ativas
1362603,HOFTALON CENTRO DE ESTUDO E PESQUISA DA VISAO,DOCUMENTACAO@HOFTALON.COM.BR,"RUA ALZIRA TIBURSKI, SALA  2 E 3",43 33759500,Associação Privada,Ativas
1362649,COMUNIDADE EVANGELICA ALCANCE DE REBOUCAS,VALDIRMTLINE@GMAIL.COM,RUA PRUDENTE DE MORAES,42 84253010,Organização Religiosa,Ativas
1362882,IGREJA IRMAOS EM CRISTO,IGREJAIRMAOSEMCRISTOQSS@GMAIL.COM,"RUA DIRCEU MONTANARIM, ANDAR SUPERIOR",41 92024134,Organização Religiosa,Ativas
1362711,IGREJA CRISTA EVANGELICA CASA DE ORACAO EM FOZ DO IGUACU,CONTATO@SAFEOFFICES.COM.BR,RUA NOEL ROSA JARDIM NAIPI,45 99001040,Organização Religiosa,Inaptas
1362743,IGREJA UNIAO DO CORPO DE CRISTO,IGREJA.UNIAODOCORPODECRISTO@GMAIL.COM,RUA PRESIDENTE HUMBERTO DE ALENCAR CASTELO BRANCO,41 85360159,Organização Religiosa,Ativas
1362762,ASSOCIACAO DE MORADORES ROCA GRANDE,GUTIERREZCONTABILIDADE.MARIA@GMAIL.COM,RUA VICENTE MACHIOSKI,41 36212588,Associação Privada,Ativas
1362818,ASSOCIACAO DE MORADORES E PROTETORES DA REGIAO DAS NASCENTES DO RIO CAPIVARI - AMIGOS DO CAPIVARI,AMIGOSDOCAPIVARI@DUNNA.COM.BR,ESTRADA DAS USINAS GUARICANA E CHAMINE,41 99725178,Associação Privada,Ativas
1362889,CENTRO ESPIRITA LUZ E CARIDADE,CENTROLUZECARIDADE2015@GMAIL.COM,RUA WASHINGTON LUIZ,43 84043883,Organização Religiosa,Ativas
1363120,IGREJA EVANGELICA ASSEMBLEIA DE DEUS NOVO TEMPO MINISTERIO DE PARANAVAI,ESCRITORIOGEHRING3@HOTMAIL.COM,AVENIDA ROOSEVELT,44 91336133,Organização Religiosa,Ativas
1363191,OXYGEN CHURCH PARANAGUA,EQUIPE@RARMCONTABILIDADE.COM.BR,AVENIDA BENTO MUNHOZ DA ROCHA NETO,41 35421827,Organização Religiosa,Inaptas
1363225,"ASSOCIACAO DOS PEQUENOS   AGRICULTORES DE LINHA GUARAIPO, TIRADENTES, FAZENDA VELHA E NOSSA SENHORA DO CARMO",ESCRITORIO_RAGNINI2@HOTMAIL.COM,COMUNIDADE LINHA GUARAIPO,46 99129297,Associação Privada,Ativas
1363195,APA ASSOCIACAO DE PROTETORES DOS ANIMAIS,ORLANDOCONTABILIDADE@HOTMAIL.COM,TRAVESSA PINHEIRO DO PARANA,42 32736034,Associação Privada,Ativas
1363157,ASSOCIACAO DOS MORADORES DOS LOTEAMENTOS BELMONTE E JARDIM MANTOVANI,CORRETORLUIZCLEITE@GMAIL.COM,RUA ALTEMAR DUTRA LESTE,45 99990666,Associação Privada,Ativas
1363229,ASSOCIACAO DOS MORADORES E PROPRIETARIOS DE LOTES DO RESIDENCIAL SAN BRAZILLE,PRISCILADOSSANTOSANDRADE331@GMAIL.COM,RUA EDUARDO JARNICKI,41 95251751,Associação Privada,Ativas
1363446,CENTRO DE TREINAMENTO ARTIGAS,MNARTIGAS@HOTMAIL.COM,"AVENIDA VEREADOR DOMINGOS BENVENUTO MOLETTA, CASA  A",41 92250357,Associação Privada,Ativas
1363326,ASSOCIACAO DE AGRICULTORES SETE DE SETEMBRO,LUICONT_3@HOTMAIL.COM,FAZENDA LINHA SETE DE SETEMBRO,46 35501448,Associação Privada,Ativas
1363415,ASSOCIACAO MASTER SAUDE,CONTABIL@CONTABILIDADEPRECISAO.COM.BR,"AVENIDA JACOB MACANHAN, SALA  SALA 19",41 36683641,Associação Privada,Ativas
1363680,TERREIRO DE UMBANDA PAI BARNABE DE ANGOLA,PAIBARABE7@GMAIL.COM,RUA PADRE CARLOS NITZKO,45 98461181,Associação Privada,Ativas
1363512,ASSOCIACAO DE PRODUTORES RURAIS DE MANGUEIRINHA,LIDER_CONTABILIDADE@OUTLOOK.COM,ESTRADA PRINCIPAL,46 91051410,Associação Privada,Ativas
1363673,IGREJA BATISTA RENOVADA DE FLORESTA,JMCONTABILIDADE2@YAHOO.COM.BR,RUA PIONEIRO DAVID PAVAN,44 32361422,Organização Religiosa,Ativas
1363684,ASSOCIACAO DE SUINOCULTORES DE SUB SEDE SAO FRANCISCO - ASUSSF,ODAIRMARASKIM@GMAIL.COM,RUA SAO PAULO,45 88011590,Associação Privada,Ativas
1363761,ASSOCIACAO MARINGA MISSAO,COM.FINANCEIRO@ARQUIDIOCESEDEMARINGA.COM,AVENIDA TIRADENTES,44 32271706,Associação Privada,Ativas
1363774,CLUBE ORNITOLOGICO DE CAMPO MOURAO COCAM,ASSESSORIACONTABILNERY@HOTMAIL.COM,RUA JOSE TEODORO DE OLIVEIRA,44 98543350,Associação Privada,Ativas
1363816,INSTITUTO O MAGO,CONTATO.CZASSA@GMAIL.COM,"RUA RODOLPHO SENFF JUNIOR, APT   23                  ANDAR 01                  BLOCO MARLONI ED",41 96016345,Associação Privada,Ativas
1363747,IGREJA PENTECOSTAL CURA E LIBERTACAO PELO PODER DE DEUS,FIEBMUNICIPALDECURITIBA@GMAIL.COM,RUA ESTANISLAU DONAISKY,41 92394010,Organização Religiosa,Suspensas
1363848,ASSOCIACAO TODOS JUNTOS PELO TRICOLOR,TODOSJUNTOSPELOTRICOLOR@GMAIL.COM,RUA COMENDADOR JACQUES VAN ERVEN,41 85167444,Associação Privada,Ativas
1363886,ASSOCIACAO DE COMPOSSUIDORES DOS PNR ACPNR DE OFICIAIS DO 30 BI MEC,TENJULIANO@HOTMAIL.COM,RUA CORONEL LUIZ JOSE DOS SANTOS,43 99332216,Associação Privada,Ativas
1363951,ASSOCIACAO DAS ESTRELAS DO BAIXA RENDA,PRZYBISZ.MIGUEL@HOTMAIL.COM,"RUA JOAO ANTONIO FREITAS, SALA  01",42 99910485,Associação Privada,Ativas
1364035,TATICO CLUBE DE TIRO,ATENDIMENTO1@ESCRITORIOCONTASUL.COM.BR,"SITIO PARTE SUDOESTE DOS LOTES RURAIS 15, 16 E 17 - A-B-C, GL. 10-, SALA  03",45 32431596,Associação Privada,Ativas
1364332,ACADEMIA BRASILEIRA ROTARIA DE LETRAS SECAO DO ESTADO DO PARANA ABROL PARANA,ABROLPR@GMAIL.COM,RUA CORONEL ADYR GUIMARAES,41 91717272,Associação Privada,Ativas
1364047,ASSOCIACAO CIVIL SEM FINS ECONOMICOS DOS CESSIONARIOS DO EMPREENDIMENTO MY MABU,ANDRESSA@GAZOLLA.ADV.BR,"AVENIDA RUI BARBOSA, SALA  1",41 92436300,Associação Privada,Ativas
1364141,IGREJA MISSIONARIA A PALAVRA QUE RESTITUI E LIBERTA,ESCRITORIOMOLINA@GMAIL.COM,RUA MARIQUITA,43 96439915,Organização Religiosa,Ativas
1364233,EVOLVE - EMPRESA JUNIOR,BRUNO@PRAMIO.COM.BR,AVENIDA GENERAL CARLOS CAVALCANTI,42 99251333,Associação Privada,Inaptas
1364529,ASSOCIACAO DOS EMPRESARIOS DO PARQUE INDUSTRIAL DOMINGOS SOARES FILHO,AEPIDSF2021@GMAIL.COM,"RUA ARLETE CASSAROTI MARTINS, QUADRA01                  LOTE  01",43 35232524,Associação Privada,Ativas
1364429,IGREJA EVANGELICA ASSEMBLEIA DE DEUS DO BRASIL EM CURIUVA - PR,FLAVIO@FONTOURACONTABILIDADE.COM.BR,RUA DOMINGOS BONIN,41 98093423,Organização Religiosa,Inaptas
1364368,ASSOCIACAO DAS CHACARAS ENTRE AMIGOS - ACEAM,HUMBERTOJHENRIQUE@GMAIL.COM,"ESTRADA VELHA PARA MARINGA, LOTE 211/G-H/C-4",44 30288819,Associação Privada,Ativas
1364681,CENTRO XAMANICO UNIVERSALISTA ARCTUDAIME,ADV.ABELLOPES@GMAIL.COM,RUA MILTON DA COSTA,45 30255400,Associação Privada,Ativas
1364690,PROJETO VINDE A MIM OS PEQUENINOS,INFOTECH.FISCAL@GMAIL.COM,"RUA RUA EXPEDICIONARIO PEDRO PAULIN, TERREOTERREO",41 97782904,Associação Privada,Ativas
1364593,FEDERACAO DE FUTEBOL DE BOTAO DO PARANA - FFPR,PRANDOPEDRO7@GMAIL.COM,RUA BRIGADEIRO FRANCO,43 99956901,Associação Privada,Ativas
1364611,ASSOCIACAO DOS MUSICOS DE MARINGA - MUSINGA,EXPEDIENTE@G3CONTABIL.COM.BR,RUA MAGNOLIA,44 99999999,Associação Privada,Ativas
1364738,ADMINISTRACAO DE COMPOSSUIDORES DOS PNR DE SUBTENENTES E SARGENTOS DO 30 BI MEC,ADEMIR_DINIZ@HOTMAIL.COM,RUA JOSE ALVES DE PAULA FILHO,43 91652220,Associação Privada,Ativas
1364704,ASSOCIACAO MARMITA DO BEM LONDRINA,CONTABIL2@RODRIGUESEMPRESARIAL.COM.BR,"RUA JOAO WYCLIF, SALA  512",43 33333333,Associação Privada,Ativas
1364911,ASSOCIACAO DOS AGRICULTORES ARCO IRIS,CONCEITOCONTABILIDADE02@HOTMAIL.COM,COMUNIDADE VILA SALETE,46 99313615,Associação Privada,Ativas
1364752,INSTITUTO ENTRE RIOS DE SAUDE E BEM ESTAR,AGRARIA@AGRARIA.COM.BR,"AVENIDA MICHAEL MOOR, EDIF  PREDIO 2",42 36258000,Associação Privada,Ativas
1364973,FORCETECH JR. SOLUCOES,FORCETECH.JR@GMAIL.COM,"AVENIDA PAULA FREITAS, BLOCO I ADMINISTRATIVO",42 84080007,Associação Privada,Ativas
1364840,ASSOCIACAO DE TIRO DE LACO COMUNIDADE NOSSA SENHORA DE FATIMA,ITATIBACLAUDIA@HOTMAIL.COM,ESTRADA ASSENTAMENTO 16 DE MAIO,45 98199519,Associação Privada,Ativas
1364859,ASSOCIACAO DOS MORADORES DO BAIRRO JARDIM DAS FLORES,ADRIANOMARTINSGARCIA7@GMAIL.COM,RUA DOS JASMINS,44 88595100,Associação Privada,Inaptas
1365209,ASSOCIACAO DA AGUA DO PORTO VELHO - ITAPEJARA D OESTE - PR,SINTRAF.ITAPEJARA@HOTMAIL.COM,"COMUNIDADE SAO ROQUE, PAVLH DA COMUNIDADE",46 99235911,Associação Privada,Ativas
1365243,ASSOCIACAO MOTOCIATA PARANA,JFMOLEDA@GMAIL.COM,"RUA MARECHAL DEODORO DA FONSECA, APT   2",41 99770213,Associação Privada,Ativas
1365272,TRIBO DE NAFTALI,TRIBODENAFTALI@DOZETRIBOS.COM.BR,"RODOVIA BR-277, KM    107.5               CXPST 1056",41 84340533,Organização Religiosa,Ativas
1365156,ASSOCIACAO ATLETICA ACADEMICA MORCEGAO ISEPE RONDON AAAMIR,ATLETICAMORCEGAO@GMAIL.COM,RUA SETE DE SETEMBRO,45 99982657,Associação Privada,Ativas
1365313,"INSTITUTO TIKUN-PROMOCAO, REPARACAO E RESTITUICAO DE CIDADANIA",CLAUDIORUBIN2005@YAHOO.COM.BR,"AVENIDA REPUBLICA ARGENTINA, CONJ  412                 ANDAR 04                  COND  VEGA WORK   LIFE ED BLOCO VEGA TORRE TO WORK E",41 98007935,Associação Privada,Ativas
1365428,IGREJA EVANGELICA ASSEMBLEIA DE DEUS VIVER EM CRISTO,LEGALIZACAO@CONTASSEM.COM.BR,TRAVESSA MARILUZ JARDIM PARANA,45 99023238,Organização Religiosa,Ativas
1365345,FUNDACAO COPEL DE PREVIDENCIA E ASSISTENCIA SOCIAL,CONTABILIDADE@FCOPEL.ORG.BR,RUA PAES LEME,41 38836000,Fundação Privada,Ativas
1365419,IGREJA EVANGELICA ASSEMBLEIA DE DEUS MISSAO SANTO ANTONIO DO SUDOESTE - IEAD-SAS - SAS,AGUINALDOHELLO@HOTMAIL.COM,RUA RUA JOAO MARIA CORREA,46 99414309,Organização Religiosa,Inaptas
1365513,ASSOCIACAO DE MALHA TROVAO AZUL DE SARANDI,SEUMARIO2008@HOTMAIL.COM,AVENIDA MORANGUEIRA,44 91853857,Associação Privada,Inaptas
1365590,CASA DE ORACAO UNGIDA POR DEUS,VIVI.STI@HOTMAIL.COM,RUA RIO GRANDE DO SUL,45 99715311,Organização Religiosa,Ativas
1365604,ARAUCARIA TENIS CLUBE PITANGA,JOAOADILSONLIMA@HOTMAIL.COM,PROLONGAMENTO DA AVENIDA BRASIL,42 88242985,Associação Privada,Ativas
1365727,ASSOCIACAO DOS PROPRIETARIOS E MORADORES DO BALNEARIO CARMERY,GILSONVK@YAHOO.COM.BR,AVENIDA DEPUTADO ANIBAL KHURY,41 92235552,Associação Privada,Ativas
1365778,ASSOCIACAO DAS CATADORAS E CATADORES DE MATERIAIS RECICLAVEIS UNIDOS VENCEREMOS,REJANE@RPCONTABIL.COM.BR,RUA ANGELO FERRO,41 33454995,Associação Privada,Ativas
1365909,IGREJA CRISTA REINO E FAMILIA,FISCAL@GSTASSESSORIA.COM.BR,RUA DOS JASMINS,41 30828052,Organização Religiosa,Inaptas
1365665,INSTITUTO BUKO KAESEMODEL,WANDERLEI@NEGRESCO.COM.BR,"RUA FERNANDO SIMAS, CONJ  67                  ANDAR 06                  BLOCO SEVENTH AVENUE ED CO",41 30902867,Associação Privada,Ativas
1366000,ASSOCIACAO DE PESCA AMADORA AMIGOS DO LAGO DE ITAIPU ITAIPULANDIA - PR,APAALLI@YAHOO.COM.BR,RUA PRESIDENTE TANCREDO NEVES,45 92009685,Associação Privada,Ativas
1366094,CLUBE DE CACA E TIRO BRASIL FORTE,GILBERTOGARCIA1@HOTMAIL.COM,RODOVIA PR 454 KM 10,44 99802062,Associação Privada,Ativas
1366101,KURYTIBA METROPOLE,CONTATO@KURYTIBAMETROPOLE.ORG,"RUA CEARA, APT   112                 BLOCO TEREZA PASINI ED",41 91186112,Associação Privada,Ativas
1366210,ASSOCIACAO DOS AMIGOS DO HOSPITAL DE CLINICAS DA UNIVERSIDADE FEDERAL DO PARANA,CONTATO@CEDIVIDA.ORG.BR,AVENIDA AGOSTINHO LEAO JUNIOR,41 30911000,Associação Privada,Ativas
1366219,COMUNIDADE EVANGELICA A CASA DE ORACAO SEDE,LOURENCO@JCOLDEBELLA.COM.BR,RUA 7 DE SETEMBRO,11 32975934,Organização Religiosa,Inaptas
1366401,CONSELHO DE IGREJAS E MINISTROS EVANGELICOS DE PONTA GROSSA E CAMPOS GERAIS/PR,ELEIOALVES@HOTMAIL.COM,AVENIDA ROCHA POMBO,42 98242120,Organização Religiosa,Ativas
1366340,"ASSOCIACAO CAMPONESA ANA PRIMAVESI DE PRODUCAO, CAPACITACAO E PESQUISA - ACAP",NEGOTELLES@GMAIL.COM,ACAMPAMENTO ACAMPAMENTO TERRA LIVRE,41 95607946,Associação Privada,Ativas
1366105,ASSOCIACAO DE PRODUTORES RURAIS UNIDOS DE FAZENDA MAZURANA E SANTO ANTONIO,PRODUTORESRURAISMAZURANASTOANTONIO@GMAIL.COM,ESTRADA MUNICIPAL N 226,46 99348313,Associação Privada,Ativas
1366373,CASA DE ACOLHIDA FILHOS PREDILETOS,CASADEACOLHIDA.OCAMINHO@GMAIL.COM,"AVENIDA PROLONGAMENTO AVENIDA RIO GRANDE DO SUL, CASA  SEGUNDO PORTAO",16 37030666,Associação Privada,Ativas
1366446,ASSOCIACAO AGUA E VIDA,KONTAX@OUTLOOK.COM.BR,"ESTRADA PRINCIPAL, COMUNIDADE DE CENTRO NOVO, ASSENTAMENTO MARCOS FR",46 99130584,Associação Privada,Ativas
1367045,ASSOCIACAO UNIAO MARINGA DE TRANSPORTADORES AUTONOMOS,GRUPOUNIAOMARINGA@GMAIL.COM,"AVENIDA KAKOGAWA, SALA  02",44 98320044,Associação Privada,Ativas
1366577,ASSOCIACAO MANTENEDORA DE ANIMAIS RESGATADOS - AMAR,NATALINOFONSECA@HOTMAIL.COM,RUA DAS VIOLETAS JARDIM ELIZAI,45 35221314,Associação Privada,Ativas
1366802,ORGANIZACAO NAO GOVERNAMENTAL PROTETORA DOS ANIMAIS CAO CARAMELO,THAY_BONETTI@HOTMAIL.COM,AVENIDA NICOLAU INACIO,46 99701824,Associação Privada,Ativas
1366984,ASSOCIACAO CULTURAL E BENEFICENTE CONTRA A CARESTIA E O DESEMPREGO,MOVCONTRACARESTIAEDESEMPREGO@GMAIL.COM,VIELA PIONEIRA HERONITA VIEIRA BARBOSA,44 91568450,Associação Privada,Ativas
1366951,ELEMENTOS EMPRESA JUNIOR DE QUIMICA DA UEL,FERNANDABONFIM49@GMAIL.COM,"RODOVIA CELSO GARCIA CID KM 380, SETOR CAMPUS UNIVERSITARIO",11 96830093,Associação Privada,Ativas
1367075,CLUBE DE CACA E TIRO DE FAXINAL,ANDERSONFAGUNDESWERNER@HOTMAIL.COM,ESTRADA BARREIRINHO SITIO BELA VISTA,43 99299538,Associação Privada,Ativas
1367092,ASSOCIACAO VIVIDENSE DE PROTECAO ANIMAL - AVPA,AVPA.FOCINHOVIVIDENSE@GMAIL.COM,RUA DAS ANDORINHAS,46 99230588,Associação Privada,Ativas
1367117,IGREJA ASSEMBLEIA DE DEUS MINISTERIO MISSOES E RESGATE,LUIDI@ENILTEC.COM.BR,"RUA ALBINO GRANDE, CASA  .",41 96854963,Organização Religiosa,Inaptas
1367102,ASSOOCIACAO DE BENEFICIOS DO PLANALTO NORTE - APROEST PLANALTO NORTE PROTECAO VEICULAR,COMPLETAPV@GMAIL.COM,RUA DR. VICENTE MACHADO,48 96279021,Associação Privada,Ativas
1367145,ASSOCIACAO DOS MORADORES E AMIGOS DO COHAPAR III,SERGIODEPAULA.FOZ@HOTMAIL.COM,RUA POMPEU DE TOLEDO,45 99190477,Associação Privada,Ativas
1367104,"ASSOCIACAO DOS MORADORES DO JARDIM RESIDENCIAL SAO ROQUE I,II E III, NITEROI, VITORIA E FLORATA",BETA.CONTABILIDADE@HOTMAIL.COM,RUA CARATINGA,45 99212410,Associação Privada,Ativas
1367177,ASSOCIACAO DE MOTOCICLISTAS MOTOSSERRAS BRASIL,MOTOSSERRASMC@GMAIL.COM,AVENIDA ANTONIO DE PAIVA CANTELMO,46 99100771,Associação Privada,Ativas
1367330,ASSEMBLEIA DE DEUS MINISTERIO BETHEL,BP.CRESPOLINHARES@GMAIL.COM,RUA JOSE TORRES NETO,66 81396083,Organização Religiosa,Ativas
1367420,CARITAS DIOCESANA DE CAMPO MOURAO,CARITASDCM@GMAIL.COM,AVENIDA IRMAOS PEREIRA,44 98194953,Associação Privada,Ativas
1367427,ASSOCIACAO COLINAS TROPICAL,FINANCEIRO@PSRSECURITY.COM.BR,RUA SEBASTIAO CARNEIRO DE QUEIROZ,11 40034612,Associação Privada,Ativas
1367455,BROTHERS MOTO CLUBE,FINANCEIRO@DECORARESTOFADOS.COM.BR,RUA DANCARINO AZEITONA,43 32527005,Associação Privada,Inaptas
1367368,INSTITUTO IPE,INSTITUTOIPECURITIBA@GMAIL.COM,"AVENIDA SETE DE SETEMBRO, CONJ  68                  ANDAR 06                  COND  NAO INFORMADO       BLOCO SEVENTH AVENUE COML",41 99771505,Associação Privada,Ativas
1367422,ASSOCIACAO DE APOIO AS FAMILIAS TERRA SANTA,TERRASANTACENTROTERAPEUTICO@GMAIL.COM,"RODOVIA PR 458, SALA  01                  KM    1.5",44 91155136,Associação Privada,Ativas
1367630,ASSOCIACAO JARDIM DAS GAIVOTAS,INOVECONTABILIDADE2014@HOTMAIL.COM,CHACARA LOTE RURAL,44 98654547,Associação Privada,Ativas
1367733,ASSOCIACAO COMERCIAL E EMPRESARIAL DE FLORESTA - ACIESTA,JMCONTABILIDADE2@YAHOO.COM.BR,"AVENIDA PLINIO ARION PESSOA, SALA  1",44 32361422,Associação Privada,Ativas
1367834,IGREJA DO NAZARENO NO BRASIL DISTRITO CURITIBA,PR.ROBERTOEV2@GMAIL.COM,RUA JOAO ANGELO CORDEIRO,41 35381632,Organização Religiosa,Ativas
1367664,GCAG GRUPO CAMINHONEIROS AMIGOS DE GOIOERE,ZEPOLATOTRANSPORTES@GMAIL.COM,RUA IRERE,44 35223927,Associação Privada,Ativas
1368014,ASSOCIACAO PROTETORA DOS ANIMAIS PODEMOS MAIS XAMBRE - APAP MAIS XAMBRE,LEIA_XAMBRE@HOTMAIL.COM,AVENIDA SUECIA,44 84537125,Associação Privada,Ativas
1368120,ASSOCIACAO ESPORTE CLUBE IGUACU - AECI,PROF.GRILO@HOTMAIL.COM,RUA JOAO LIMIRIO MARTINS DA SILVA,45 91348788,Associação Privada,Ativas
1368265,ASSOCIACAO DE COMPOSSUIDORES DO CONJUNTO HABITACIONAL BACACHERI I,LSTHRF@GMAIL.COM,AVENIDA PREFEITO ERASTO GAERTNER,41 99534640,Associação Privada,Ativas
1367961,"CAMARA DE INDUSTRIA, COMERCIO E INOVACAO BRASIL-UCRANIA-CBU",SERGIO.MACIURA@BRASIL-UCRANIA.COM.BR,"RUA DA PAZ, CONJ  301                 ANDAR 03                  COND  ALLIANCE ED",41 30770488,Associação Privada,Ativas
1368335,ASSOCIACAO D AGUA 03 RIOS - TIJUCAS DO SUL - PARANA,PRISCILA_KAMINSKI@HOTMAIL.COM,ESTRADA PRINCIPAL,41 88348673,Associação Privada,Ativas
1368490,TENDA DE UMBANDA AMIGOS DO AXE - PROJETO AJUDARR,NATHANFERRAZ501@GMAIL.COM,AVENIDA PARANAVAI,44 32592321,Organização Religiosa,Ativas
1368412,TOCA DE ASSIS IRMAOS,FINANCEIRO@FILHOSDAPOBREZA.ORG,RUA IVETTE CARDOZO GASPARIN,41 95152687,Associação Privada,Ativas
1368307,ASSOCIACAO DOAR - IZABEL  ARANTES CAMPOS,ESCRITORIO@ESCRITORIOPRIMAVERA.COM.BR,RUA JOSE ALFREDO DE CARVALHO,43 88110222,Associação Privada,Ativas
1368607,ASSOCIACAO DOS MORADORES DO BAIRRO MATA VERDE,V.KRELING@GMAIL.COM,RUA PEDRO TAFFAREL,45 99642796,Associação Privada,Ativas
1368509,ASSOCIACAO DOS PROFISSIONAIS GEOGRAFOS DA REGIAO DE LONDRINA - AGL,AGLLONDRINA@GMAIL.COM,RUA ALIPIO CORREIA LEITE JUNIOR,43 91512862,Associação Privada,Inaptas
1368524,TENDA DE UMBANDA CABOCLO COBRA CORAL,PROF.JOEY@GMAIL.COM,RUA WASCHINGTON LUIZ PEREIRA DE SOUZA,42 99178617,Organização Religiosa,Ativas
1368606,ASSOCIACAO DE MORADORES DA LAGOA AZUL,BAZZO@BAZZOCONTABILIDADE.COM.BR,ESTRADA LINHA LAGOA AZUL,45 91071833,Associação Privada,Ativas
1368632,COMUNIDADE CRISTA SEMEADORES DA ULTIMA HORA,CONTATO@GARCIACONT.COM.BR,ALAMEDA NABUCO DE ARAUJO,42 98184024,Organização Religiosa,Ativas
1368637,ASSOCIACAO DE ABASTECIMENTO DE AGUA DO PALMAR,SILVETEDASGRACASDASILVA@HOTMAIL.COM,"RODOVIA PR 522 KM 12, SALA  01",42 91297308,Associação Privada,Ativas
1368693,ASSOCIACAO RODEIO TAVORENSE,OSGIGANTES.RODEIOTAVORENSE@HOTMAIL.COM,RUA DAS AZALEIAS,43 99738078,Associação Privada,Ativas
1368781,"IGREJA EVANGELICA PENTECOSTAL REMANESCENTES DA FE, MINISTERIO RESTAURANDO VIDAS",IRMAOSAN@HOTMAIL.COM,RUA CURITIBA,43 99872434,Organização Religiosa,Ativas
1368970,TERREIRO DE UMBANDA NOSSA CASA,DEBORADAMAIA@HOTMAIL.COM,RUA RUA GABRIEL TAVERNA,41 97489613,Organização Religiosa,Ativas
1369007,ASSOCIACAO INDIGENA JHEIKO PORA REKA,NAZANYMARTINS@GMAIL.COM,COMUNIDADE RURAL PIQUERUBI,44 91582730,Associação Privada,Ativas
1369130,INSTITUTO BETEL DE ENSINO E CULTURA,ESCOLA_BETEL@HOTMAIL.COM,"RUA MATO GROSSO, QUADRA84                  LOTE  09",46 35232729,Associação Privada,Ativas
1369313,ASSOCIACAO MUAY THAI DE SANTA LUCIA,NFE2010@HOTMAIL.COM,AVENIDA ORLANDO LUIZ ZAMPRONIO,45 32861026,Associação Privada,Ativas
1369145,ASSOCIACAO AMIGOS DOS ANIMAIS DE RUA,AMARMARILANDIA@GMAIL.COM,"AVENIDA CEREJEIRAS, BRCAO PATIO IBC           CASA  3",43 34281990,Associação Privada,Ativas
1369383,ASSOCIACAO RECREATIVA E BENEFICENTE AZ DE OURO,PENHAFRANCA2@HOTMAIL.COM,RUA DOUTOR ALEXANDRE GUTIERREZ,41 96129683,Associação Privada,Inaptas
1369329,ASSOCIACAO DOS CATADORES DE MATERIAIS RECICLAVEIS LAGOAO,ZAIRDV@GMAIL.COM,"RUA CURITIBA, CONJ  VILA RURAL",46 99186834,Associação Privada,Ativas
1369198,ASSOCIACAO CULTURAL E RECREATIVA ASAS DE PRATA,CONTATO@ECONTCONTABIL.COM.BR,"RUA ALFREDO PINTO, SALA  16 D",41 31465684,Associação Privada,Ativas
1369404,ASSOCIACAO MAXIPAS ESPORTES SOCIAL,MAXIPAS@MAXIPAS.COM.BR,AVENIDA SETE DE SETEMBRO,41 30172222,Associação Privada,Inaptas
1369700,ASSOCIACAO ENCANTO KAME DE SUSTENTABILIDADE,ADENILSON@PLATAFORMACONTABIL.COM.BR,RUA IMACULADA CONCEICAO,41 30294551,Associação Privada,Ativas
1369437,ASSOCIACAO DO GRUPO DE TURISMO RURAL E PRODUCAO ASSOCIADA DE GUARANIACU - PR - GTUR,FISCAL2@ZANIOLOEGERRAS.COM.BR,RUA JOSE HUMBERTO FERNANDES,45 99088315,Associação Privada,Ativas
1369996,ASSOCIACAO DE ABASTECIMENTO DE AGUA DA CABECEIRA DO RIBEIRAO DO TIGRE,INFOTECH.FISCAL@GMAIL.COM,ESTRADA PRINCIPAL,41 96303474,Associação Privada,Ativas
1370196,ASSOCIACAO DE CICLISMO PRINCESINA,DAYAHASS@HOTMAIL.COM,"RUA PRUDENTE DE MORAIS, SALA  01",42 32203651,Associação Privada,Inaptas
1369708,COMUNIDADE REDENCAO CASA DO PAI,ANDRETEWS@HOTMAIL.COM,"RUA RUA DUQUE DE CAXIAS, LOTE  12                  QUADRA99",46 99220508,Organização Religiosa,Ativas
1369886,ASSOCIACAO DOS APICULTORES DE BARBOSA FERRAZ - APROMELBF,GAMBAROCONTABILIDADE@GMAIL.COM,RUA RIO GRANDE DO SUL,44 88184385,Associação Privada,Ativas
1369895,COMUNIDADE E CASA DEUS PAI,LUIS.RETTIG@ANFIP.ORG.BR,SITIO POVOADO DE AREIA PRETA,42 32241140,Associação Privada,Ativas
1370340,IGREJA ASSEMBLEIA LEAO DA TRIBO DE JUDA,LB5273312@GMAIL.COM,RUA YUKIMASSA NAKANO,43 98213016,Organização Religiosa,Ativas
1370471,ASSOCIACAO PARA CONSTRUCAO DO EDIFICIO LE BLANC CAMBE,DOMBOSCOESCRITORIO@HOTMAIL.COM,"RUA ESPANHA, SALA  405",43 32542244,Associação Privada,Ativas
1370583,INSTITUTO HOUSE LABS,HOUSE.LABS@HOUSECHURCH.COM.BR,RODOVIA CURITIBA PONTA GROSSA BR-277,41 98491862,Associação Privada,Ativas
1370551,ASSOCIACAO DE MORADORES E AGRICULTORES DA VILA RURAL NOVO HORIZONTE DO MUNICIPIO DE SANTA AMELIA - ESTADO DO PARANA (AMAVILA),ESCRITORIOMALAGHINI@GMAIL.COM,"RUA PROJETADA, QUADRA02                  LOTE  15                        VILA RURAL                NOVO HORIZONTE",43 84317147,Associação Privada,Ativas
1370550,ONG JOVENS ADORADORES,FIEB.ADM2021@GMAIL.COM,RUA COLOMBO,41 95201971,Associação Privada,Ativas
1370541,IGREJA PENTECOSTAL SEMEANDO A PALAVRA DE JESUS CRISTO,VIGANOCONTABIL@TERRA.COM.BR,RUA SAO LUIZ,45 32551187,Organização Religiosa,Ativas
1370612,IGREJA MUNDIAL DA FE FONTE DE AGUA VIVA,IMF.FONTEDEAGUAVIVA@GMAIL.COM,"RUA JOSE SEMMER, SALA  3",43 99091801,Organização Religiosa,Inaptas
1370754,EMFAC EMPRESA JUNIOR MULTIDISCIPLINAR,EMFACEMPRESAJUNIOR@GMAIL.COM,"RODOVIA PR-082, KM 468, LOTE  45/46               SALA  01",44 91378581,Associação Privada,Inaptas
1370775,LOJA MACONICA COLORADO N 4361,C4361@GOB-PR.ORG.BR,AVENIDA PARIGOT DE SOUZA,44 99645213,Associação Privada,Ativas
1371144,ASSOCIACAO DOS AGRICULTORES LEOPOLDO BATISTI,SCOTTICONTABILIDADE@GMAIL.COM,ESTRADA LINHA ALTO BELA VISTA,46 35451218,Associação Privada,Ativas
1371405,PRS INTERMED -CLUBE DE SERVICOS,RODRIGOPREIS@HOTMAIL.COM,RUA ALOYSIO IGNACIO WERLANG,41 96354304,Associação Privada,Ativas
1370911,ASSOCIACAO DOS AGRICULTORES SAO BRAS - NOVA PRATA DO IGUACU - PR,CONCEITOCONTABILIDADE02@HOTMAIL.COM,COMUNIDADE LINHA CANGUCU,46 99375494,Associação Privada,Ativas
1370820,FUNDACAO CLUB ATHLETICO PARANAENSE,MARIA.SOARES@VLMA.COM.BR,ESTRADA DO GANCHINHO- LD,41 31534010,Fundação Privada,Ativas
1371235,INSTITUTO SOCIAL ESPIRITA LEON DENIS,ISELDCOLOMBO@GMAIL.COM,RUA JOAO ESPERANCETA,41 84362894,Organização Religiosa,Ativas
1371465,ASSOCIACAO TOQUE DESTINOS,COMUNICACAO.TOQUEDESTINOS@GMAIL.COM,RUA DOUTOR MANOEL PEDRO,41 91531404,Associação Privada,Ativas
1371510,ACFC - ASSOCIACAO DE COSTUREIRA FASHION DO CAMPO,LAERTEAPARECIDO@HOTMAIL.COM,"FAZENDA LOCALIDADE DO XAXIM, SALA  TERREO",47 34751537,Associação Privada,Inaptas
1371589,ASSOCIACAO ESPORTIVA TIGRES,JONATHANJUNIOR1.JJ@GMAIL.COM,RUA RONDONIA,44 99593058,Associação Privada,Ativas
1371531,CLUBE DE CACA E TIRO MARIOPOLIS,CLAUDEMIRBORBA@HOTMAIL.COM,SITIO ETR POCO PRETO,46 91148007,Associação Privada,Ativas
1371802,ASSOCIACAO COSTURANDO SONHOS,ACRCONTABILIDADE99@GMAIL.COM,RUA ARTHUR MANOEL IWERSEN,41 87041809,Associação Privada,Ativas
1371880,IGREJA EVANGELICA BALUARTE DO BRASIL - MINISTERIO DA PROMESSA,VANIA1961.1@HOTMAIL.COM,RUA CARLOS MAURICIO DUARTE,44 98607743,Organização Religiosa,Inaptas
1371881,ASSOCIACAO DOS MORADORES AMIGOS DO PAU FURADO - AMAPF,PAULO2181@HOTMAIL.COM,RUA ERNESTO LUIZ PELLANDA,41 33484608,Associação Privada,Ativas
1371949,INSTITUTO CAMBARA DE ATLETISMO,ELITONPUCCI@UOL.COM.BR,RUA JOAO MANOEL DOS SANTOS,43 35326798,Associação Privada,Ativas
1372115,CEPLANI - CENTRO DE EVANGELIZACAO E PLANTACAO DE IGREJAS,CEPLANI@GMAIL.COM,RUA JOSE BENATO,43 96301212,Associação Privada,Ativas
1372550,INSTITUTO VINTE E CINCO DE MAIO,CLEMENTESCO@GMAIL.COM,RUA GENERAL CARNEIRO,41 91039800,Associação Privada,Ativas
1372345,ASSOCIACAO RESIDENCIAL GOLDEN LAKE,FWSEMPREENDIMENTOS@GMAIL.COM,"AVENIDA PARANA, LOTE  A-2-C-2/B-G",44 20310099,Associação Privada,Inaptas
1372118,FEDERACAO ARTISTICA E CULTURAL DO NORTE PIONEIRO DO PARANA-FACEARTE,VALDIRFAGA123@HOTMAIL.COM,RUA JOSE FORTUNATO HEIDDGER,43 99303074,Associação Privada,Ativas
1372470,ASSOCIACAO DE PRODUTORES RURAIS DA COMUNIDADE PEPINO,CONTABILGLOBO@HOTMAIL.COM,ESTRADA PEPINO,44 99859521,Associação Privada,Ativas
1372511,INSTITUTO DOS PROFISSIONAIS DO COMERCIO DA  ARTE R,ATENDIMENTO@CONTSYS.COM.BR,RUA GENERAL CARNEIRO,41 91039800,Associação Privada,Ativas
1372582,NUCLEO AUTOMOTIVO DE CIANORTE E REGIAO - NAC,EDSONRRUFINO@GMAIL.COM,"AVENIDA SANTA CATARINA, SALA  A",44 99688023,Associação Privada,Ativas
1372594,MINISTERIO APOSTOLICO GERACAO ELEITA - MAGE - PALMAS/PR,RONIDERES@GMAIL.COM,RUA CORONEL JOSE OSORIO,46 88293336,Organização Religiosa,Ativas
1372618,IGREJA EVANGELICA MOVER,CLAUDIALYDIE@GMAIL.COM,RUA JOSE BEIRA DA SILVA,41 98098031,Organização Religiosa,Ativas
1373037,COMUNIDADE DE FE MANIFEST CHURCH,PR.ELIASJUNIOR@GMAIL.COM,RUA CARLOS HAMBRUSCH,41 98660421,Organização Religiosa,Ativas
1372677,CLUBE DE VOO DE ANGULO,AGNALDO@MATERDEINET.COM.BR,"RODOVIA BENEDITO MANOEL DA SILVA  PR218, LOTE  5C GLEBA 9",44 98382999,Associação Privada,Ativas
1372813,ASSOCIACAO PARANAENSE DE PRODUTORAS ESPORTIVAS DE STREAMING APPES,APPESPARANA@GMAIL.COM,"RUA PONTA GROSSA, SALA  111                 EDIF  FABRIS",46 91324380,Associação Privada,Ativas
1373182,SANTA CASA DE MISERICORDIA DE CHAVANTES,CONTATO@SANTACASACHAVANTES.ORG,"RUA ROZALIA WZOREK, APT   HOSPITAL MUNICIPAL D",11 37390696,Associação Privada,Ativas
1373134,ASSOCIACAO ESPORTIVA PINHEIROS,LEGALIZACAO@ALIANCACONTADORES.CNT.BR,RUA GOIO-ERE,42 99004015,Associação Privada,Inaptas
1373064,ASSOCIACAO LIBERDADE DE KARATE SHOTOKAN (ALKS),ESCIVANI@HOTMAIL.COM,RUA MARANHAO,45 32841811,Associação Privada,Ativas
1373478,COMUNIDADE ASSEMBLEIA DE DEUS DEUS E CONOSCO,GERENCIA@EFISACONTABILIDADE.COM.BR,"RUA OSWALDO CRUZ, SETOR ESQ RUA LEILA DINIZ",41 34586902,Organização Religiosa,Ativas
1373554,ASSOCIACAO DOS MORADORES DO LOTEAMENTO MELISSA,MAZUTTICONTABILIDADE@HOTMAIL.COM,RUA EBANO,45 98437495,Associação Privada,Ativas
1373879,ASSOCIACAO ESPORTIVA CAFEEIRA CAMBIRA FUTSAL / AECCF,CAFEEIRADOMARQUINHOFC@HOTMAIL.COM,RUA VENEZUELA,43 96484203,Associação Privada,Ativas
1373638,IGREJA PENTECOSTAL HERDEIROS DO REINO,ATENDIMENTOPRADO.INACIO@GMAIL.COM,RUA ROSENDO COSTA CRISTO,42 34571318,Organização Religiosa,Ativas
1373624,INSTITUTO LIGA BADU,ARIANE@BADUDESIGN.COM.BR,"RUA JOAO BETTEGA, BRCAO B",41 96007308,Associação Privada,Ativas
1373913,ASSOCIACAO DOS CAMINHONEIROS DE ANDIRA E REGIAO,ASCAR.ANDIRA@GMAIL.COM,RUA ANTONIO ABIB,43 99322700,Associação Privada,Ativas
1373848,CLUBE DE MAES SAO FRANCISCO XAVIER,CONTADORESASSOCIADOS@OUTLOOK.COM,RUA IRINEU GUZZE CLAUDINO,46 99755135,Associação Privada,Ativas
1373794,ASSOCIACAO ROCK CAMP CURITIBA,GRCCURITIBA@GMAIL.COM,"RUA VISCONDE DO RIO BRANCO, CONJ  101                 COND  SAO PEDRO ED",41 84240210,Associação Privada,Ativas
1374301,FEDERACAO DE ESCALADA ESPORTIVA DO PARANA FEEP,FEEPESCALADA@GMAIL.COM,RUA FRANCISCO PRESTES MAIA,41 95226800,Associação Privada,Ativas
1374320,ASSOCIACAO DOS VIGILANTES DO PARANA - ASSOVIPAR,CLAUDIOCEZ@YAHOO.COM.BR,RUA ALEXANDRE GUGELMIM,41 96576485,Associação Privada,Ativas
1373957,ASSOCIACAO ARTE LIVRE MARINGA,ANAPICAZZIO@GMAIL.COM,RUA JOAO LUIZ DIAS,44 99573739,Associação Privada,Ativas
1374117,"T.U.F.A.C. - TERREIRO DE UMBANDA, FE, AMOR E CARIDADE",TATI.MED75@GMAIL.COM,RUA AFFONSO RAINOLDO KUHN,41 97763248,Organização Religiosa,Ativas
1374032,ASSOCIACAO DE CATADORES DE MATERIAIS RECICLAVEIS DO MUNICIPIO DE GOIOERE - RECICLA GOIOERE,BENOSSI.CONTABIL@GMAIL.COM,ESTRADA DA PEDREIRA,44 35224665,Associação Privada,Ativas
1374128,ASSOCIACAO DE FUTEBOL PE DE VENTO - AFPV,PEDEVENTO686@GMAIL.COM,RUA RIO JAPURA,41 98072327,Associação Privada,Ativas
1374433,IGREJA PRESBITERIANA RENOVADA MINISTERIO MARANATA,ODAIRNAVARRO@HOTMAIL.COM,RUA APARECIDA MOCILO MECUNHE,43 91146883,Organização Religiosa,Ativas
1374466,"GERAR - GERACAO DE EMPREGO, RENDA E APOIO AO DESENVOLVIMENTO REGIONAL",EV@EVCONTABILIDADE.COM.BR,RUA JOAO GABRIEL MARTINS,41 30396599,Associação Privada,Ativas
1374484,ASSOCIACAO DOS PRODUTORES DE OVINOS DE IMBITUVA,PARANA_SUL@HOTMAIL.COM,"RUA SARGENTO VALDOMIRO RIBEIRO VIEIRA, SALA  01",42 34363237,Associação Privada,Ativas
1374506,INSTITUTO SOCIAL EDUCATIVO E BENEFICENTE NOVO SIGNO,TESOURARIACMD@MAEDEDEUS.EDU.BR,"ESTRADA ESTRADA DA CEGONHA, KM 3, S/N, GLEBA RIBEIRAO CAFEZAL",43 38786801,Associação Privada,Ativas
1374811,IGREJA VISAO MISSIONARIA MINISTERIO PASTOR ALEXANDRE DA ROSA,IVMSJP@GMAIL.COM,AVENIDA DAS AMERICAS,41 85311320,Organização Religiosa,Ativas
1374613,PROJETO IDE,IDE.PROJETO@HOTMAIL.COM,"RUA PIRATININGA, ANDAR 3                   SALA  19                  EDIF  RECCO",44 99296057,Associação Privada,Ativas
1374745,ASSOCIACAO DOS  MORADORES E PROPRIETARIOS DE LOTES DO LOTEAMENTO CONDOMINIO  HORIZONTAL CHACARA  AGUAS CLARAS,ASSOCIACAOAGUASCLARASPIRAQUARA@GMAIL.COM,"AVENIDA DAS ORTENCIAS, LOTE  88",41 98820216,Associação Privada,Ativas
1374884,ASSOCIACAO PARANAENSE DE OZONIOTERAPIA E SAUDE INTEGRATIVA APROZSI,ALEBRINKMANN07@GMAIL.COM,"AVENIDA SETE DE SETEMBRO, SALA  303                 ANDAR 06                  COND  CENTRO EMPRESARIAL BBLOCO CT EMPRESARIAL BERTE",41 30156464,Associação Privada,Ativas
1374917,ASSOCIACAO DE MORADORES E AMIGOS DA COMUNIDADE PESQUEIRA DA ILHA DE EUFRASINA,RHDEPARTAMENTOASCON@GMAIL.COM,SITIO ILHA DE EUFRASINA,41 34230353,Associação Privada,Ativas
1374938,CLUBE DE TIRO ESPORTIVO DE PINDAUVA,APARECIDOPINTO@PC.PR.GOV.BR,"ESTRADA PINDAUVINHA, LOTE  ST DONA BINA KM 07",43 96905660,Associação Privada,Ativas
1375057,"GERAR - GERACAO DE EMPREGO, RENDA E APOIO AO DESENVOLVIMENTO REGIONAL",EV@EVCONTABILIDADE.COM.BR,"AVENIDA RIO GRANDE DO SUL, SALA  02 E 03",41 30396599,Associação Privada,Ativas
1375036,ASSEMBLEIA DE DEUS JARDIM DE CRISTO,ORLANDO_1985@LIVE.COM,AVENIDA ANTONIO BELLI,41 98002690,Organização Religiosa,Ativas
1374943,MINISTERIO REVESTIDOS,ADM@CONTABILIDADECIPRIANI.COM.BR,"RUA MANOEL DAS CHAGAS LIMA, CASA  03                  COND  LAIS VITORIA CONDOMI",41 32576987,Organização Religiosa,Ativas
1375086,INSTITUTO DE SAUDE KAIROS,FINANCEIRO@INSTITUTODESAUDE.COM.BR,AVENIDA PARANA,41 33042440,Associação Privada,Ativas
1375074,ASSOCIACAO DE EQUOTERAPIA E ESCOLA DE EQUITACAO BENTO MUNHOZ DA ROCHA NETTO,PARALEGAL@BWACONSULTORIA.COM.BR,RODOVIA BR 116,41 32666644,Associação Privada,Ativas
1375085,ASSOCIACAO RESIDENCIAL LAGOA DOURADA,CONTATO_R7@OUTLOOK.COM,ESTRADA DOURADA B8,43 31328707,Associação Privada,Ativas
1375172,ASSOCIACAO RECREATIVA BENEFICENTE TORNEIO CARIOCA,LEANDRORIBEIROCONTABILIDADE@GMAIL.COM,RUA BARAO DO SERRO AZUL,41 97607358,Associação Privada,Ativas
1375127,ASSOCIACAO PROJETO RESGATE,CONSULTORIA@GASPARCONTABILIDADE.COM.BR,RUA 16 DE NOVEMBRO,41 98927639,Associação Privada,Ativas
1375276,CENTRO DE TRADICOES GAUCHAS ESTANCIA CHAPEU PRETO,FABERMORAIS@HOTMAIIL.COM,RUA RIO IGUACU,42 99688554,Associação Privada,Inaptas
1375295,ADMINISTRACAO DE COMPOSSUIDORES DOS PNR DA GUARNICAO DE GUAIRA-PR,COMPOSSUIDORESGUAIRA@GMAIL.COM,RUA TENENTE ROQUE VALENCA,44 91800910,Associação Privada,Ativas
1375187,ASSOCIACAO EVANGELICA CULTURAL AVANI GARCIA ROSA,PARALEGAL1@MAANAIN.COM.BR,AVENIDA HIGIENOPOLIS,43 33251917,Associação Privada,Ativas
1375271,ASSOCIACAO DOS VOLUNTARIOS DA CORRENTE DO BEM DE PATO BRANCO - ACOBEM,CORRENTEDOBEMPATOBRANCO@GMAIL.COM,"RUA VENCESLAU BRAZ, SALA  02 TERRREO - FUNDOS",46 91114249,Associação Privada,Ativas
1375403,MISSAO APOSTOLICA EMANUEL DE NOVA SANTA ROSA-PR,GILLGNER@HOTMAIL.COM,AVENIDA HORIZONTINA,44 36421295,Organização Religiosa,Ativas
1375406,CONSELHO DE PASTORES EVANGELICOS DE AGUDOS DO SUL-PR-CONPAS,ANDRESSASIMOES08@GMAIL.COM,ESTRADA RIBEIRAOZINHO,41 88266332,Associação Privada,Inaptas
1375450,IGREJA MINISTERIO AJUDAR,IGREJA@MINISTERIOAJUDAR.COM,RUA LAMENHA LINS,41 87032828,Organização Religiosa,Inaptas
1375363,ASSOCIACAO DOS AGRICULTORES DA LINHA VORA,CTGUARANI@HOTMAIL.COM,ESTRADA PRINCIPAL,46 99732247,Associação Privada,Ativas
1375458,ASSOCIACAO DE MORADORES RECANTO PARAISO,EVANDREIAMARCIA@HOTMAIL.COM,"ESTRADA LINHA POVO UNIDO, LOTES 1,6,7,10,11, 12, 13, 15, 17, 18, 19",45 99149191,Associação Privada,Inaptas
1375537,IGREJA PENTECOSTAL SO JESUS LEVA PARA O CEU,NOVAVIDA_ALESSANDRO@HOTMAIL.COM,RUA RUA DOM FERANDO TADDEI,43 96056171,Organização Religiosa,Ativas
1375552,HABITAR ASSOCIACAO COMUNITARIA HABITACIONAL POPULAR DO BRASIL,ATENDIMENTO@MITTMANNCONTABILIDADE.COM.BR,RUA PAULO BEVILAQUA,45 99308681,Associação Privada,Inaptas
1375553,AUTOMOVEL CLUBE CAMPOS GERAIS,CONTATO@DUOSOLUCOESCONTABEIS.COM.BR,RUA HENRIQUE PORTELA DE ALMEIDA,42 98168000,Associação Privada,Inaptas
1375560,IGREJA EVANGELICA CASA DE BENCAO,IGREJACASADEBENCAOARARUNA@OUTLOOK.COM,RUA VICE PREFEITO PEDRO ZAWADSKI,44 98896297,Organização Religiosa,Ativas
1375627,"GERAR - GERACAO DE EMPREGO, RENDA E APOIO AO DESENVOLVIMENTO REGIONAL",EV@EVCONTABILIDADE.COM.BR,RUA BENJAMIN BORGES DOS SANTOS,41 30396599,Associação Privada,Ativas
1375557,OBDC - ORDEM BRASILEIRA DE CAPELAES - O GRANDE EU SOU,SIRLEIVERONEZ203@GMAIL.COM,RUA DAS ORQUIDEAS,46 91063095,Associação Privada,Inaptas
1375872,IGREJA PENTECOSTAL VIVENDO A PROMESSA DE DEUS DE GUAIRA,ADVGIACOMIN@HOTMAIL.COM,RUA MARIA BOLVER,44 91765910,Organização Religiosa,Ativas
1375633,IGREJA PRESBITERIANA JARDINS,WILLIAN-POIATTI@HOTMAIL.COM,AVENIDA TERTULIANO DE MOURA BUENO,43 96747701,Organização Religiosa,Ativas
1375861,IGREJA ASSEMBLEIA DE DEUS MINISTERIO GERACAO DAS DOZE TRIBOS DE ISRAEL,EDMURNOVAES28@GMAIL.COM,RUA ANDIRA,44 84393022,Organização Religiosa,Ativas
1376033,IGREJA CASA DO PAI MINISTERIO DA ORACAO - ICPMO,JOSEFERNANDESLIRA01@GMAIL.COM,RUA VALDELICE FERREIRA DIAS,92 93723085,Organização Religiosa,Ativas
1376323,ASSOCIACAO RECANTO AGUA DO TIGRE,LUIZ.LIZOTTI@ME.COM,"AREA ESTANCIA TIGRE, LOTE  98-5",43 98206546,Associação Privada,Ativas
1376038,BOM JESUS ACAO SOCIAL,BJAC.PROJETOS@GMAIL.COM,RUA PRIMO FACCHIN,45 99196332,Associação Privada,Ativas
1376160,IGREJA SOBRE A ROCHA,THIAGOSANDIMOFICIAL@GMAIL.COM,RUA PINTASSILGO,43 99752730,Organização Religiosa,Ativas
1376444,ASSOCIACAO DE AGRICULTORES E AGRICULTORAS FAMILIARES AGUA PARA TODOS AAPT,GILSON_MOTASILVA@HOTMAIL.COM,CHACARA NOVA CONQUISTA - ESTRADA DIVISORA BAIRRO ZIMARE,44 91010469,Associação Privada,Ativas
1376473,ASSOCIACAO DOS AMIGOS DO MUSEU DE ARTE CONTEMPORANEA DO PARANA,CONTATO@HULTCONTABILIDADE.COM.BR,"ALAMEDA PRINCESA IZABEL, APT   1001                ANDAR 10                  COND  ANNECY ED",41 30731149,Associação Privada,Ativas
1376363,ASSOCIACAO QUERENCIANA DOS ESTUDANTES UNIVERSITARIOS DE QUERENCIA DO NORTE - PR,DUDOSANJOS@HOTMAIL.COM,AVENIDA SAO PAULO,44 91212937,Associação Privada,Ativas
1376480,ASSOCIACAO QUEDAS TAEKWONDO,ALEX.ALBERTH1@HOTMAIL.COM,AVENIDA TARUMA,46 99041268,Associação Privada,Ativas
1376709,ASSOCIACAO MENTE COMPASSIVA BRASIL,CONTATO.MENTECOMPASSIVA@GMAIL.COM,RUA JORGE SANWAIS,12 96155522,Associação Privada,Ativas
1376769,CONSELHO COMUNITARIO DE SEGURANCA DE GUARANIACU,CONT_ALVORADA@HOTMAIL.COM,RUA RUA TEREZA CRISTINA,45 32321247,Associação Privada,Ativas
1376668,CASA ESPIRITUALISTA SAO FRANCISCO,TIAGOFUNEZ@ESCCONFIANCA.COM.BR,"RUA AVELINO SALVADOR, SALA  .",45 32322291,Associação Privada,Ativas
1376635,ASSOCIACAO ESPORTIVA LIDIANOPOLIS FUTEBOL CLUBE- A.E. LIDIANOPOLIS,GAIACONTABILIDADE22@GMAIL.COM,RUA MATO GROSSO,43 96069495,Associação Privada,Ativas
1376886,ASSOCIACAO IRMAOS EM CRISTO DE CIDADE GAUCHA,ANDREIASEGROB@GMAIL.COM,AVENIDA SOUZA NAVES,44 99325189,Associação Privada,Ativas
1376968,ASSOCIACAO DE MORADORES NOVA PRIMAVERA CIC,VANESSAK20ROGRIGUES@GMAIL.COM,ESTRADA VELHA DO BARIGUI,41 96449254,Associação Privada,Ativas
1377025,INSTITUTO ESPIRITUAL XAMA BEIJA-FLOR,CENTROXAMABEIJAFLOR@GMAIL.COM,RUA VIA MARGINAL PR 180,45 98221203,Organização Religiosa,Ativas
1377122,IGREJA COMUNIDADE EVANGELHO AUTENTICO,BALTAZAR-SILVA@BOL.COM.BR,RUA RUA CHICAGO,44 98748619,Organização Religiosa,Ativas
1377124,AASP ASSOCIACAO DE ATIRADORES DO SUDOESTE DO PARANA,ASSOCIACAOATPARANA@GMAIL.COM,RUA ALBINA C. KOREGO,46 99421177,Associação Privada,Ativas
1377220,CASA DOS PRIMOGENITOS,CASADOSPRIMOGENITOS@GMAIL.COM,RUA TARUMA,45 99789600,Organização Religiosa,Ativas
1377293,"ASSOCIACAO DE MORADORES, PROPRIETARIOS E AMIGOS DA PRAINHA-PONTA DE UBA",TICO.MACIEL@HOTMAIL.COM,ILHA POVOADO PRAINHA PONTA DE UBA,41 84605977,Associação Privada,Ativas
1377299,TERREIRO DE UMBANDA VOVO MARIA CONGA,KLEBERWORLDSITES@GMAIL.COM,RUA DIESEL,41 99002793,Organização Religiosa,Ativas
1377325,ASSOCIACAO FILOSOFICA E XAMANICA NATUREZA E VIDA,ORCONECONTABILIDADE@HOTMAIL.COM,AREA ROD. PRT 280 KM 211,46 32252824,Associação Privada,Ativas
1377338,VOX UNIVERSI,PEDROWJR1@GMAIL.COM,RUA JOAO VENDRAMIN,41 99847554,Organização Religiosa,Inaptas
1377481,CASA DE ORACAO,CMIE-CMIE@HOTMAIL.COM,RUA PARAIBA,11 31064320,Organização Religiosa,Ativas
1377544,REDE ACAO E REACAO INTERNACIONAL - RARI,VORLANDICONTABILIDADE@GMAIL.COM,RUA GUARATUBA,43 96212325,Associação Privada,Inaptas
1377379,IGREJA EVANGELICA TEMPLO DAS AGUIAS,NEGRAO.ALEXANDRE@YAHOO.COM.BR,"AVENIDA VEREADOR WADISLAU BUGALSKI, SALA  07",41 33564040,Organização Religiosa,Ativas
1377572,IGREJA EVANGELICA ASSEMBLEIA DE DEUS MISSOES EM PONTAL DO PARANA,VALTEREZEQUIELM@GMAIL.COM,"RUA RUA TANCREDO NEVES, QUADRA43                  LOTE  01 BALNEARIO GRAJAU",41 91381868,Organização Religiosa,Ativas
1377575,"GERAR - GERACAO DE EMPREGO, RENDA E APOIO AO DESENVOLVIMENTO REGIONAL",EV@EVCONTABILIDADE.COM.BR,RUA DOM PEDRO II,41 30396599,Associação Privada,Ativas
1377656,TERCEIRA IGREJA  BATISTA INDEPENDENTE EM PARANAGUA,PAULO@LOCASERVICE-LTDA.COM.BR,RUA DOS EXPEDICIONARIOS,41 84439003,Organização Religiosa,Ativas
1377872,ASSOCIACAO DE ASSISTENCIA AOS DEPENDENTES QUIMICOS E SUAS FAMILIAS - INSTITUTO O PAI ME ADOTOU,VOLARECONTABIL@GMAIL.COM,AVENIDA REPUBLICA DO PARAGUAI,41 99187618,Associação Privada,Ativas
1377870,SANRECICLA - ASSOCIACAO DOS TRABALHADORES DE RECICLAGEM DE SANTA FE,SANRECICLA@HOTMAIL.COM,"ESTRADA ESTRADA RURAL MUNICIPAL PERON 5º SECCAO, LOTE N. 1-B-1",44 32471139,Associação Privada,Ativas
1377923,PENSE PERTO BENEFICIOS E SOCORRO MUTUO,PENSEPERTO@GMAIL.COM,RUA JOAO NETZEL,41 21705000,Associação Privada,Ativas
1377968,IGREJA PENTECOSTAL MISSIONARIA DO ARREBATAMENTO,IP.MISSIONARIADOARREBATAMENTO@GMAIL.COM,RUA DAS ANDORINHAS,41 95283690,Organização Religiosa,Ativas
1377964,ASSOCIACAO DOS MORADORES DA VILA RURAL DO RIO DO MEIO - AMOVILA,APOLO_4863@HOTMAIL.COM,VILA RURAL GREGORIO RANK,44 99711678,Associação Privada,Ativas
1377957,INSTITUTO SAO JOSEENSE,NUNESCONTABILIDADE2019@GMAIL.COM,"RUA VOLUNTARIOS DA PATRIA, SALA  07",11 24020062,Associação Privada,Ativas
1378090,ASSOCIACAO DE PAIS E AUTISTAS DE PRUDENTOPOLIS-APAP,CONTATO@CONTABILIDADESILEMAR.COM.BR,"RUA DOMINGOS LUIZ DE OLIVEIRA, SALA  2",42 34361715,Associação Privada,Ativas
1378071,ARASF - ASSOCIACAO DOS RECICLADORES AUTONOMOS DE SANTA FE,ARASF@HOTMAIL.COM,"RODOVIA PR 418, KM",44 32471139,Associação Privada,Inaptas
1377993,IGREJA PENTECOSTAL GERACAO SANTA,COMEGB100@GMAIL.COM,RUA ERONY HONORIO FERNANDES,41 97220251,Organização Religiosa,Ativas
1378088,ASSOCIACAO FILANTROPICA MAE PRETA DE OYA,LOHANPIETRO85@GMAIL.COM,RUA CALHANDRA,41 98921258,Organização Religiosa,Inaptas
1378183,"GERAR - GERACAO DE EMPREGO, RENDA E APOIO AO DESENVOLVIMENTO REGIONAL",EV@EVCONTABILIDADE.COM.BR,"AVENIDA JULIO ASSIS CAVALHEIRO, QUADRA144                 LOTE  01",41 30396599,Associação Privada,Ativas
1378174,INSTITUTO NACIONAL DE PROCESSAMENTO DE EMBALAGENS VAZIAS - INPEV,INPEVFISCAL@INPEV.ORG.BR,"ESTRADA A ESTRADA VILA LOBOS, LOTE  RURAL 55-A",11 30694427,Associação Privada,Ativas
1378250,IGREJA MISSAO GERACAO SANTA,XXX@GMAIL.COM,"RUA PRAIA DA GAVEA, QUADRA68 ZONA 45          LOTE  0348",42 90000000,Organização Religiosa,Ativas
1378327,ASSOCIACAO DOS ESTUDANTES UNIVERSITARIOS DE JACAREZINHO - AEUJAC,SATELITEJAC@HOTMAIL.COM,RUA ADAO APARECIDO QUIRINO,43 35251131,Associação Privada,Ativas
1378321,ASSOCIACAO CASA SOLIDARIA,AMANDA@SANTINONI.COM.BR,RUA MONSENHOR KIMURA,44 32269134,Associação Privada,Inaptas
1378416,ASSOCIACAO DE AGRICULTORES FAMILIARES DE VERA CRUZ DO OESTE,INOVARCONTADORES@HOTMAIL.COM,AVENIDA ANTONIO VILAS BOAS,45 32678000,Associação Privada,Ativas
1378521,INSTITUTO NACIONAL DE PROCESSAMENTO DE EMBALAGENS VAZIAS - INPEV,INPEVFISCAL@INPEV.ORG.BR,"ESTRADA ACESSO PELA ESTRADA MUNICIPAL SG-008, KM 0+908 M",11 30694427,Associação Privada,Ativas
1378578,COMUNIDADE TERAPEUTICA SAO JOSE,JCEXCLUSIVO@GMAIL.COM,"RUA PROFESSOR JOAO DOETZER, SALA  01                  ANDAR 1                   COND  COMERCIAL JOAO DOETZ",41 99190682,Associação Privada,Ativas
1378669,OVER GREEN,HAMADECORP@GMAIL.COM,"RUA ALBERTO FOLLONI, APT   601                 ANDAR 06                  BLOCO PETIT TRIANON ED",41 99156745,Associação Privada,Ativas
1378750,ASSOCIACAO MISSIONARIA CONSTRUINDO VALORES,CONTABILXAVIER@OUTLOOK.COM,RUA DOUTOR LEVI MIRO CARNEIRO,41 96161672,Associação Privada,Ativas
1378763,LIONS CLUBE DE ENTRE RIOS DO OESTE - PR,ZIMMERMANNCTB@HOTMAIL.COM,RUA IPE AMARELO,45 99691628,Associação Privada,Ativas
1378680,ASSOCIACAO BENEFICIENTE O BOM SAMARITANO DO SUDOESTE - PR,LUQUINICONTABILIDADE@HOTMAIL.COM,"RUA VITORINO BAIOCO, LOTE  TOMAZINI",46 84058846,Associação Privada,Ativas
1378920,ACADEMIA PARANAENSE DE DIREITO NOTARIAL E REGISTAL - APDNR,ANOREGPR@ANOREGPR.ORG.BR,"RUA MARECHAL DEODORO, CONJ  1805A               COND  WENCESLAU GLASER ED",41 91790063,Associação Privada,Ativas
1378792,ASSOCIACAO DA IGREJA METODISTA - 6a REGIAO ECLESIASTICA,ROSANGELA@METODISTA.COM,RUA YANI OLIVEIRA MUNHOZ,41 33221675,Organização Religiosa,Ativas
1379068,INSTITUTO ECOTECH,TECHGIRLSBR@GMAIL.COM,"RUA PADRE ANCHIETA, APT   2012                ANDAR 20                  COND  CHAMPAGNAT 2540-OFFIBLOCO CHAMPAGNAT 2540-RESI",41 87061379,Associação Privada,Ativas
1378927,IGREJA EVANGELICA PENTECOSTAL NOSSA MISSAO,ANA@ORBRACON.COM.BR,RUA ALZIR DOS SANTOS ANTUNES,41 34246435,Organização Religiosa,Ativas
1379315,SOCIEDADE FILANTROPICA SEMEAR DE MEDIANEIRA - PR,SEMEAR@SEMEARMEDIANEIRA.ORG.BR,AVENIDA PARANA,45 32640058,Associação Privada,Ativas
1379304,IGREJA CRISTA LIBERTARIA,DANNYWESLEYPASQUALE@GMAIL.COM,RUA GALO-DA-SERRA,44 84222782,Organização Religiosa,Ativas
1379239,PROJETO KIDS,ESCRITORIOMINERVA20@GMAIL.COM,RUA JOSE BRUMATTI,43 34221093,Associação Privada,Inaptas
1379302,CENTRO DE REABILITACAO EMOCIONAL E COMPORTAMENTAL EM ALCOOL E DROGAS - RENASCER,JARBASPALHANO01@GMAIL.COM,"RUA PRINCESA ISABEL, SALA  B",44 97210318,Associação Privada,Ativas
1379306,ASSOCIACAO E COMUNIDADE DO TRATAMENTO DO ALCOOLISMO DOS DEPENDENTES QUIMICOS TERAPEUTICA ILUMINAR DE CIANORTE - ACATEC,ILUMINARCENTROTERAPEUTICO@GMAIL.COM,"ESTRADA TROPEIRO, LOTE  753-A-R",44 98096324,Associação Privada,Ativas
1379322,ASSOCIACAO DE MORADORES DO JARDIM NEMARI E VILA MARTINS (AMNEVIMA),FIEB.ADM2021@GMAIL.COM,RUA EUCLIDES BANDEIRA,41 95201971,Associação Privada,Inaptas
1379325,CENTRO ESPIRITA ANDRE LUIZ,CONTABILIDADESOLEIDE@GMAIL.COM,TRAVESSA DONATTI,46 99758088,Organização Religiosa,Ativas
1379341,AAPOEF ASSOCIACAO DE APOIO A PACIENTES ONCOLOGICOS E FAMILIARES DE PITANGA,AFIRMACON@HOTMAIL.COM,"AVENIDA JOAO GRANDE SOBRINHO, SALA  01",42 98056800,Associação Privada,Ativas
1379447,IGREJA ASSEMBLEIA DE DEUS MISSAO MINISTERIO TOLEDO PR,ATENDIMENTO@RDCON.NET.BR,RUA PATO BRANCO,45 91192742,Organização Religiosa,Ativas
1379430,ASSOCIACAO DOS PRODUTORES DE LEITE DE TOLEDO E REGIAO - APROLTOL,SAUL@ALGOMIX.COM.BR,"AVENIDA MINISTRO CIRNE LIMA, SALA  01",45 91078333,Associação Privada,Ativas
1379407,PLANETA ECO ASSOCIACAO DE CATADORES DE MATERIAIS RECICLAVEIS,CONTATO@VALORCONTAB.COM.BR,RUA PROFESSOR PORTHOS VELOZO,41 96166836,Associação Privada,Ativas
1379454,ASSOCIACAO CASA DA LUZ,CASADALUZ248@GMAIL.COM,RUA ANTONIO DA SILVA FERREIRA,41 84641058,Associação Privada,Ativas
1379487,ASSOCIACAO ESPORTIVA COLOMBO FUTSAL FEMININO,JORHENCONTABILIDADE@HOTMAIL.COM,"RUA FELICIO KANIA, BLOCO 09                  APT   101",41 92229200,Associação Privada,Ativas
1379567,ASSOCIACAO DAS MULHERES QUE LUTAM - AMQL,CSCONTADORESASSOCIADOS@HOTMAIL.COM,RUA ATHIS FERNANDES SILVA,42 34221662,Associação Privada,Ativas
1379716,DIOCESE DE JACAREZINHO,FINANCEIRO.MITRA@HOTMAIL.COM,"RODOVIA PR 092 KM 349 + 424 M, KM    ERM 0020 KM 2  31 M KM    ESTRADA SANTUARIO",43 35250707,Organização Religiosa,Ativas
1379822,PARANA PRO BONO,PAULO@MOTTARIBEIRO.ADV.BR,RUA PROFESSOR JOAO ARGEMIRO LOYOLA,41 99377007,Associação Privada,Ativas
1379943,"ASSOCIACAO COMERCIAL, INDUSTRIAL E TECNOLOGICA DE CURITIBA",CONTATO@ACITEC.ORG.BR,"RUA PROFESSOR JOAO MAZZAROTTO, CASA  02                  COND  S/N",41 97353100,Associação Privada,Ativas
1379907,MINISTERIO PLENITUDE O SENHOR E DEUS,MINISTERIOPLENETUDE@GMAIL.COM,RUA ERASMO MOUTINHO,43 91534897,Organização Religiosa,Ativas
1379728,AVEL ASSOCIACAO DE VOLEIBOL DE SANTA IZABEL DO OESTE,AVELVOLEIBOL@GMAIL.COM,AVENIDA DOS PINHEIROS,46 91200302,Associação Privada,Ativas
1379794,"ASSOCIACAO BRASILEIRA DOS FUNCIONARIOS PUBLICOS, AUTARQUIAS E EMPRESAS PRIVADAS DA REGIAO SUL E SUDESTE - ABRASPESP",FINANCEIRO@HARMONIABENEFICIOS.COM.BR,AVENIDA JUSCELINO KUBITSCHEK,11 48928136,Associação Privada,Ativas
1380015,INSTITUTO RETORNAR,FINANCEIROINSTITUTO@RETORNAR.COM.BR,"AVENIDA AYRTON SENNA DA SILVA, SALA  502 E 503",43 33618548,Associação Privada,Ativas
1380035,COMUNIDADE FAMILIA DE DEUS,COMUNIDADEFAMILIADEDEUS@GMAIL.COM,RUA DOUTOR DANILO GOMES,41 95308678,Associação Privada,Ativas
1380155,ASSOCIACAO SARANDIENSE DE HANDEBOL (ASH),EDMILSON.HAND@HOTMAIL.COM,RUA EUCLIDES DA CUNHA,44 99511713,Associação Privada,Ativas
1380204,PROJETO SEMEANDO O AMOR E RESGATANDO VIDAS,PROJETO2022SEMEANDOOAMOR@GMAIL.COM,"RUA JOAQUIM CEZARIO LEITE, QUADRA6                   LOTE  10",44 98539556,Associação Privada,Ativas
1380067,INSTITUTO XAMANICO SOPRO DA ALDEIA,DARPOSSOLO.RENATA@GMAIL.COM,RUA MARIA JOSE CARNEIRO,43 88140950,Organização Religiosa,Ativas
1380302,MINISTERIO MEVAM ARAUCARIA,CONTABILIDADE@ELEVENCONTABILIDADE.COM.BR,RUA GRALHA-AZUL,41 91045629,Organização Religiosa,Ativas
1380310,IGREJA EVANGELICA ASSEMBLEIA DE DEUS,PASTORGILBERTOZAMBOTI@HOTMAIL.COM,RUA ADAO DE OLIVEIRA,44 98148085,Associação Privada,Ativas
1380315,ASSOCIACAO AERODESPORTIVA PARANAVAIENSE,ESCRITORIOOMEGA@HOTMAIL.COM,RUA DUQUE DE CAXIAS,44 30452049,Associação Privada,Inaptas
1380366,IGREJA EVANGELICA ASSEMBLEIA DE DEUS,PASTORGILBERTOZAMBOTI@HOTMAIL.COM,AVENIDA UMUARAMA,44 98148085,Associação Privada,Ativas
1380387,IGREJA EVANGELICA ASSEMBLEIA DE DEUS,PASTORGILBERTOZAMBOTI@HOTMAIL.COM,AVENIDA CURITIBA,44 98148085,Associação Privada,Ativas
1380376,IGREJA EVANGELICA ASSEMBLEIA DE DEUS,PASTORGILBERTOZAMBOTI@HOTMAIL.COM,RUA ONOFRE PIRES,44 98148085,Associação Privada,Ativas
1380383,ASSOCIACAO DOS BOLONISTAS VIVIDENSES - ABV,CONTECCVV@GMAIL.COM,RODOVIA BR 373,46 99218376,Associação Privada,Ativas
1380408,"ASSOCIACAO DE PROTECAO AOS ANIMAIS, AMIGOS DOS BICHOS",HYLO@FERAZZOCONTABILIDADE.COM.BR,RUA LUIZ PERONDI,46 35651286,Associação Privada,Ativas
1380592,ASSOCIACAO ATLETICA ACADEMICA DE MEDICINA DE PATO BRANCO,AAAMPBMED@GMAIL.COM,"RUA BENJAMIN BORGES DOS SANTOS, SALA  27                  BLOCO F",46 99299992,Associação Privada,Ativas
1380493,IGREJA EVANGELICA RESTAURANDO VIDAS FAZENDO A DIFERENCA,CONTATO@GRUPOSILVAESOUSA.COM.BR,RUA RUA MARECHAL DEODORO DA FONSECA,61 33878323,Organização Religiosa,Ativas
1380721,ASSOCIACAO DUQUEANA DE PUNHOBOL,ADPDUQUEPUNHOBOL@GMAIL.COM,"RUA NICARAGUA, APT   41",41 96980081,Associação Privada,Ativas
1380674,IGREJA DA ROCHA,AIGREJADAROCHA@GMAIL.COM,RUA PROFESSOR ANTONIO DOS SANTOS FILHO,41 96788827,Organização Religiosa,Ativas
1380898,CENTRO DE UMBANDA OGUM DAS MATAS E AFRO XANGO AGANJU,TERAPEUTALUCIANORODRIGUES@GMAIL.COM,"ESTRADA LOTE RURAL 73-C, GLEBA 120-CP, LOTE  SITIO",46 99077732,Organização Religiosa,Ativas
1380686,IGREJA PENTECOSTAL NOVA ALIANCA COM CRISTO,HERANCACONTABILIDADE@GMAIL.COM,"AVENIDA PARANA, LOTE  12                  QUADRA8",27 34412374,Organização Religiosa,Ativas
1380724,ASSOCIACAO DE CICLISMO DE  FORMOSA DO OESTE PR - PEDAL CROSS FORMOSA,ESCRITORIOIPEFORMOSA@HOTMAIL.COM,PRACA ENIO PIPINO,44 97392354,Associação Privada,Ativas
1380940,ASSOCIACAO SERVOS DA MISERICORDIA DE JESUS E MARIA,DETI.IACIUK@GMAIL.COM,RUA ANTONIO EUSTACHIO DE OLIVEIRA,41 84981640,Associação Privada,Inaptas
1380934,ASSOCIACAO DE  MORADORES AMIGOS COOHABTTRAN I - AMAC I,UNIBELBELTRAO@GMAIL.COM,"RUA DOS TRANSPORTADORES, LOTE  01 QUADRA 1293",46 99341005,Associação Privada,Ativas
1381068,ASSOCIACAO DOS PEQUENOS AGRICULTORES SONHO REAL AVANTE,VALDIRMST@HOTMAIL.COM,ESTRADA ASSENTAMENTO CHE GUEVARA,44 97462845,Associação Privada,Ativas
1381024,SUBLIME CAPITULO APOSTOLO DA CARIDADE REGIAO DE CURITIBA,DAUSIOCAPRIOTTI@HOTMAIL.COM,RUA ANTONIO MARTINS DE ARAUJO,41 99713542,Associação Privada,Ativas
1381196,INSTITUTO CISNE BRANCO CULTURAL,INSTITUTOCISNEBRANCOCULTURAL@GMAIL.COM,"RUA MARECHAL FLORIANO PEIXOTO, SALA  14-A",45 88248155,Associação Privada,Ativas
1381012,COMUNIDADE EVANGELICA DE CRUZEIRO DO OESTE,EDUARDOFRESNEDA@HOTMAIL.COM,AVENIDA RIACHUELO,44 99767576,Associação Privada,Ativas
1381095,ASSEMBLEIA DE DEUS PENTECOSTAL DEUS E O REI DA GLORIA,FIEB.ADM2021@GMAIL.COM,"RUA GASTAO LUIZ CRULS, CASA  03                  COND  MOEMA V RES",41 95201971,Organização Religiosa,Ativas
1381212,ASSOCIACAO RK SPORTS,VITORIANO280@HOTMAIL.COM,RUA BENJAMIN CONSTANT,42 99374313,Associação Privada,Ativas
1381246,ASSOCIACAO DE PESCADORES OLHO D' AGUA,VALTERLESTEVAO@GMAIL.COM,AVENIDA DEPUTADO ANIBAL KHURY,41 99757975,Associação Privada,Ativas
1381417,ASSOCIACAO DOS PROTETORES DE ANIMAIS UNIDOS DE GUARATUBA,ALESSANDRAT716@GMAIL.COM,AVENIDA JUVEVE,41 96271137,Associação Privada,Ativas
1381276,APROBRASIL - ASSOCIACAO PROMOTORA DO INSTITUTO ROTARY DO BRASIL 2023,CARLETTO@SIGHA.COM.BR,"RUA RUA 7 DE SETEMBRO, SALA  602",45 32544477,Associação Privada,Ativas
1381287,ASSOCIACAO DE PEQUENOS PRODUTORES RURAIS BAIRRO CASA QUEIMADA - APCQ,MAFFERANT@HOTMAIL.COM,RUA PORTO ALEGRE,44 34641024,Associação Privada,Inaptas
1381381,ASSOCIACAO COMUNITARIA UNIDOS D SAO JOSE,TIAGOFUNEZ@ESCCONFIANCA.COM.BR,"ESTRADA PRINCIPAL, SALA  .",45 32322291,Associação Privada,Ativas
1381403,IGREJA PENTECOSTAL RENOVO DO SENHOR - LARANJAL PR.,CONTABILIDADE.PALMITAL@HOTMAIL.COM,AVENIDA PARANA,42 99313671,Organização Religiosa,Ativas
1381549,INSTITUTO TREINADOR CUCA,INSTITUTOTREINADORCUCA@GMAIL.COM,AVENIDA MANOEL RIBAS,41 30443788,Associação Privada,Ativas
1381493,INSTITUTO 100 FRONTEIRAS,CONTATO@100FRONTEIRAS.COM,"AVENIDA JUSCELINO KUBITSCHEK, SALA  01",45 30252829,Associação Privada,Ativas
1381731,ASSOCIACAO DE SOM AUTOMOTIVO DE FRANCISCO BELTRAO,ARMANDO.STT@GMAIL.COM,RUA GRAMADO,46 91351866,Associação Privada,Inaptas
1381930,COMUNIDADE CRISTA NOVA IDENTIDADE,MARIAHELENA.ARAUJO@HOTMAIL.COM,RUA JOAO JOSE VALENTINI,41 98150234,Organização Religiosa,Ativas
1381943,ASSOCIACAO CAMPEIRA DO CTG RODEIO DA TRADICAO,ATENDIMENTO@CONTASSECONTABILIDADE.COM.BR,RUA LAGOA ARAUCARIA,45 32259975,Associação Privada,Ativas
1381954,CENTRO DE DIREITOS HUMANOS DE CASCAVEL,CRDHCASCAVEL@GMAIL.COM,RUA DAS PALMEIRAS,45 88125380,Associação Privada,Ativas
1382042,INSTITUICAO ADVENTISTA SUL BRASILEIRA DE EDUCACAO,FISCAL.USB@ADVENTISTAS.ORG,AVENIDA SANTA TEREZINHA,41 32177700,Associação Privada,Ativas
1382155,ASSOCIACAO COMUNITARIA DO POCO ARTESIANO KM 14,RODILDO_RAMOS@HOTMAIL.COM,RODOVIA PR 082 KM 14,43 99379795,Associação Privada,Ativas
1382213,IGREJA EVANGELICA ASSEMBLEIA DE DEUS MISSOES - MONTE LIBANO,IEAD.MONTELIBANO@GMAIL.COM,RUA ALBINO ZANCHIM,44 33003871,Organização Religiosa,Ativas
1382264,ASSOCIACAO DESPORTIVA DE PAIS E ALUNOS DOS ATLETAS DE FUTSAL E FUTEBOL - TK FUTSAL,TKFUTSALSMO@GMAIL.COM,RUA JOAO TOMEN,42 99482080,Associação Privada,Ativas
1382273,COMUNIDADE MISSIONARIA ENVIAME,COMUNIDADEMISSIONARIAENVIAME@OUTLOOK.COM,RUA JOSE DE ALENCAR,46 99000830,Organização Religiosa,Ativas
1382338,INSTITUTO RIC,AROLDO.GOMES@GRUPORIC.COM.BR,RUA AMAURY LANGE SILVERIO,41 33316206,Associação Privada,Ativas
1382601,IGREJA COMUNIDADE CRISTA MINISTERIO HERANCA,SILCONTA@GMAIL.COM,RUA JOAO HERMANN DE GEUS,42 99107839,Organização Religiosa,Ativas
1382602,ASSOCIACAO DE COMPOSSUIDORES DO RESIDENCIAL POTIGUARA (ACRP),ALGARCIA462@HOTMAIL.COM,RUA GENERAL DACIO CESAR,42 98027899,Associação Privada,Ativas
1382782,COMUNIDADE EVANGELICA PENIEL MINISTERIO ARAPONGAS,XMLESCRITORIOIDEAL@OUTLOOK.COM,RUA ROLA ESPELHO,43 99206846,Organização Religiosa,Inaptas
1382694,INSTITUTO ALIANCA GENTEBOA,LIZ@GENTEBOA.ORG,RUA UBALDINO DO AMARAL,41 88135916,Associação Privada,Ativas
1382622,CENTRO DE INTEGRACAO EMPRESA-ESCOLA DO PARANA,ARAUCARIA@CIEEPR.ORG.BR,"AVENIDA CAETANO MUNHOZ DA ROCHA, COND  COM. DDF BAGGIO     SALA  03",41 33134325,Associação Privada,Ativas
1382814,ASSOCIACAO DOS MORADORES E PROPRIETARIOS DA ESTANCIA VALE VERDE,TROPICALFISCAL@TERRA.COM.BR,RODOVIA CARLOS JOAO STRASS,43 99963912,Associação Privada,Ativas
1382865,ASSOCIACAO DAS ACACIAS DA LOJA MACONICA QUINTINO BOCAIUVA,SONHOMEU10@OUTLOOK.COM,RUA PIAUI,45 32541802,Associação Privada,Ativas
1383090,ASSOCIACAO CURA EM FLOR,CURAEMFLORPR@GMAIL.COM,"RUA FERNANDO DE NORONHA, SALA  48",43 99190653,Associação Privada,Ativas
1383308,ASSOCIACAO DE PAIS E ATLETAS JUDOPINHAIS,JUDOPINHAIS@GMAIL.COM,"RUA RIO PURUS, APT   APTO 1911 - TERREO -",41 96272448,Associação Privada,Ativas
1383141,ASSOCIACAO BENEFICIENTE NOVA GERACAO,SUDOESTECONTABILIDADE@HOTMAIL.COM,RUA CLECI SALETE MAIOLI,46 99194829,Associação Privada,Ativas
1383146,CENTRO DE TRADICOES GAUCHAS UNIAO GAUCHA DE PINHAO,ADVGABRIELSCHWAB@HOTMAIL.COM,OUTEIRO LOCALIDADE DE FAXINAL DOS RIBEIROS,42 99095798,Associação Privada,Ativas
1383329,COMUNIDADE INTERNACIONAL APOSTOLICA PROFETICA SHEMA RESERVA,PRCHARLESPINTO@HOTMAIL.COM,RUA DR JOAO AYRES DE MELLO,21 82834555,Organização Religiosa,Ativas
1383327,ASSOCIACAO DOS MAGISTRADOS DO PARANA,CONTABILIDADE@JUDICEMED.COM.BR,"RUA ALBERTO FOLLONI, LOJA  CM                  ANDAR TR                  COND  DESEMBARGADOR FRANCI",41 30171611,Associação Privada,Ativas
1383370,ASSOCIACAO CLUBE DE TIRO ALVO CERTO,CONTATOCONTABIL@PASTORELLI.CNT.BR,AVENIDA MONTEIRO LOBATO,44 30472259,Associação Privada,Ativas
1383443,ASSOCIACAO NOVA VIDA,CASANOVAVIDADATRIFRONTEIRA@GMAIL.COM,"ESTRADA MUNICIPAL, EDIF  ESCOLA",49 91110505,Associação Privada,Ativas
1383439,MINISTERIO DEUS E VIDA,ANTONIOJACINTO@HOTMAIL.COM,RUA ERNANDES DE OLIVEIRA,45 91251112,Organização Religiosa,Inaptas
1383542,ASSOCIACAO DOS ARTESAOS DA PRACA DOS IMIGRANTES - AAPI,ESCOFERBUROC@HOTMAIL.COM,RUA RETA DO PORTO,41 95462036,Associação Privada,Ativas
1383537,ASSOCIACAO MAOS DO BEM,FEMOCLAM@HOTMAIL.COM,RUA MONSENHOR SCALABRINI,41 88070010,Associação Privada,Inaptas
1383563,METROPOLIA CATOLICA UCRANIANA SAO JOAO BATISTA,LEODAVIBIDA@GMAIL.COM,RUA MARANHAO,41 99464644,Organização Religiosa,Ativas
1383473,EN-THEOS CHURCH,CHURCH.ENTHEOS@GMAIL.COM,RUA LAUDELINO FERREIRA LOPES,41 98851595,Organização Religiosa,Ativas
1383461,CENTRO DE INTEGRACAO EMPRESA-ESCOLA DO PARANA,LONDRINA@CIEEPR.ORG.BR,RUA REINALDO MASSI,43 33224226,Associação Privada,Ativas
1383862,INSTITUTO JAIRO MARCELINO,FRAN@JULIAPIETRA.COM.BR,RUA JOSE NICOLLETTI,41 91422125,Associação Privada,Ativas
1383782,ASSOCIACAO COMUNITARIA COXILHA RICA,ITAPEJARA@SUDOMED.COM.BR,COMUNIDADE COXILHA RICA,46 99337504,Associação Privada,Ativas
1383894,ASSOCIACAO DE MAES DE AUTISTAS DE SANTA TEREZA DO OESTE  AMASTO,SIMONE.RCC@HOTMAIL.COM,RUA CASTRO ALVES,45 99537995,Associação Privada,Ativas
1384001,ASSOCIACAO BRASILEIRA DE FRANQUEADOS DA THE COFFEE,CONTATO@I9CAOCONTABIL.COM.BR,RUA MATO GROSSO,41 30925566,Associação Privada,Ativas
1384212,IGREJA EVANGELICA ASSEMBLEIA DE DEUS EM QUATIGUA-PARANA,REISHR@HOTMAIL.COM,RUA AUGUSTO GONCALVES DE ANDRADE,41 96274824,Organização Religiosa,Ativas
1383898,IGREJA PENTECOSTAL PROVISAO DE CRISTO,ALVORADA@ALVORADAESCRITORIO.COM.BR,AVENIDA BRASIL,44 88607119,Organização Religiosa,Ativas
1384273,ASSOCIACAO DOS PRODUTORES DE CAMOMILA DE MANDIRITUBA CAMANDI,CONTATO@CONTABILIDADESANTAHELENA.COM.BR,ESTRADA DO CHIMBOVEIRO,41 98430958,Associação Privada,Ativas
1384289,IGREJA ASSEMBLEIA DE DEUS NOVO TEMPLO DE FE,COSPE2011@GMAIL.COM,RUA PADRE FRANCISCO VAN DE WATER,41 87082263,Organização Religiosa,Ativas
1384583,ASSOCIACAO CULTURAL SAO JOAO PAULO II FOZ,CONTABILIDADE@CARBONI.COM.BR,"AVENIDA PARANA, SALA  05",45 35233388,Associação Privada,Ativas
1384490,"ASSOCIACAO SAN JULIAN, AMIGOS E COLABORADORES",CONTABIL@SANJULIAN.ORG.BR,RUA ANTONIO APARECIDO ESTEVES,41 36738350,Associação Privada,Ativas
1384850,IGREJA EVANGELICA COMUNIDADE JERUSALEM,GAMBATORINO@GMAIL.COM,"AVENIDA LIDIA CALABRETA MASSI, SALA  TERREO",44 34323468,Organização Religiosa,Ativas
1384867,MINISTERIO PENTECOSTAL GUERREIROS DE CRISTO JESUS,CCMACM@HOTMAIL.COM,RUA CLAUDIONOR NASCIMENTO,41 84941831,Organização Religiosa,Inaptas
1384868,ASSOCIACAO  CENTRO  CULTURAL  NOSSA  GINGA  CURITIBA  CCNG   CWB,FEMOCLAM@HOTMAIL.COM,RUA SAO CRISTOVAO,41 85274784,Associação Privada,Ativas
1384897,"ASSOCIACAO BRASILEIRA DE ARTES MARCIAIS, ESPORTE E CULTURA - ABAMEC",JOSIELJORDAODACRUZ@GMAIL.COM,RUA DESAUDA BOSCO DA COSTA PINTO,41 34624123,Associação Privada,Ativas
1385000,IGREJA BATISTA INDEPENDENTE SANTA CRUZ,MASTERCONTABILIDADE.FISCAL@HOTMAIL.COM,RUA PUBLIO PIMENTEL,45 99002795,Organização Religiosa,Ativas
1385077,ASSOCIACAO DOS EMPREGADOS DA COOPERATIVA AGROINDUSTRIAL NOVA PRODUTIVA,ASSOCIACAONOVAPRODUTIVA@GMAIL.COM,"ESTRADA VICINAL ASTORGA/JAGUAPITA, SALA  03",44 97160075,Associação Privada,Ativas
1385200,BOLSA DE LICITACOES & LEILOES BR.,CONTASARECEBER@BLL.ORG.BR,AVENIDA CAMILO DI LELLIS,41 30974600,Associação Privada,Ativas
1385241,CONSEG- CONSELHO COMUNITARIO DE SEGURANCA DO PRADO VELHO,VETFELD@GMAIL.COM,AVENIDA MARECHAL FLORIANO PEIXOTO,41 99286132,Associação Privada,Ativas
1385275,IGREJA LUZ DO MUNDO MUNDIAL,IGREJALUZDOMUNDOMUNDIAL@GMAIL.COM,RUA SAO JOSE,41 96415936,Organização Religiosa,Ativas
1385210,IGREJA EVANGELICA ASSEMBLEIA DE DEUS PRUDENTOPOLIS-PR,PASTOR.ISAIASTONET@HOTMAIL.COM,RUA RUA DOMINGOS LUIZ DE OLIVEIRA,42 99170066,Organização Religiosa,Ativas
1385307,"CENTRO ESPIRITA BENEFICENTE UNIAO DO VEGETAL, DISTRIBUICAO AUTORIZADA DE VEGETAL DE PONTA GROSSA",PRES.PONTAGROSSA@UDV.ORG.BR,CHACARA IRMAOS HOLETZ I GLEBA,61 91582826,Organização Religiosa,Ativas
1385298,ASSOCIACAO DAS TESTEMUNHAS CRISTAS DE JEOVA,FISCAL.BR@JW.ORG,RUA PERDIZ DO MAR,15 33229000,Associação Privada,Ativas
1385331,"FUNDACAO DE FOMENTO A CIENCIA, TECNOLOGIA INOVACAO E CULTURA - FUNCETIC",CONVENIO@ITEDES.ORG.BR,"AVENIDA PRESIDENTE CASTELO BRANCO, SALA  3",43 33282400,Fundação Privada,Ativas
1385346,ACADEMIA BRASILEIRA DE CONTROLE DA MIOPIA ORTOCERATOLOGIA (ABRACMO),CONTABILIDADE@GBACONTABILIDADE.COM.BR,"AVENIDA PRESIDENTE GETULIO VARGAS, LOJA  01                  ANDAR TR                  COND  LYZIS ISFER ED COML",41 35382698,Associação Privada,Ativas
1385334,ASSOCIACAO DOS MORADORES DO BAIRRO RURAL SERTAOZINHO,RAMALHOCRISTINAALVES36@GMAIL.COM,RUA PADRE BENTO,43 96539191,Associação Privada,Ativas
1385353,ASSOCIACAO AMIGOS DE PONTAL,TATIANAH890@GMAIL.COM,RODOVIA PR 412 ENG DARCI GOMES DE MORAES,41 98949609,Associação Privada,Ativas
1385368,LEOAS FUTEBOL AMERICANO,LEOASFA@OUTLOOK.COM,"RUA CONEGO JANUARIO DA CUNHA BARBOSA, APT   00003               COND  JANUARIO DA CUNHA BA",41 97684893,Associação Privada,Inaptas
1385378,COMUNIDADE MARANATHA EM CURITIBA,MENDESMAS@YAHOO.COM.BR,AVENIDA SETE DE SETEMBRO,41 99175320,Organização Religiosa,Ativas
1385362,IGREJA EVANGELICA ASSEMBLEIA DE DEUS IVAI PR,RODRIJAN@GMAIL.COM,RUA MIGUEL BUENO DA SILVA,45 99010769,Organização Religiosa,Ativas
1385382,CENTRO DE INTEGRACAO EMPRESA-ESCOLA DO PARANA,MCRONDON@CIEEPR.ORG.BR,"RUA DOM JOAO VI, QUADRA94                  LOTE  07",45 32542568,Associação Privada,Ativas
1385488,IGREJA EVANGELICA PENTECOSTAL SEMENTES DA FE,IGSMENTESDAFEMEDIANEIRA@GMAIL.COM,AVENIDA JOAO XXIII,41 98036863,Organização Religiosa,Inaptas
1385576,GREMIO DO PELOTAO DE OPERACOES COM CAES DO BATALHAO DE POLICIA DE FRONTEIRA,PRASS70@UOL.COM.BR,"RODOVIA PR 467, KM 26,1, LOTE  RURAL 101/102/C",45 20350337,Associação Privada,Ativas
1385732,IGREJA PENTECOSTAL MANA QUE DESCE DO CEU,FIEB.ADM2021@GMAIL.COM,"RUA CIDADE DE OURO, CASA  1                   COND  DAMASCO CD RS       BLOCO DAMASCO CD RES",41 95201971,Organização Religiosa,Inaptas
1385793,IGREJA EVANGELICA TEMPLO DAS AGUIAS,NEGRAO.ALEXANDRE@YAHOO.COM.BR,RUA CERRO AZUL,41 33564040,Organização Religiosa,Ativas
1385812,CONGREGACAO CRISTA NO BRASIL,ELISEU.ABINER@CONGREGACAO.ORG.BR,AVENIDA CURITIBA,43 34771314,Organização Religiosa,Ativas
1385813,IGREJA MINISTERIO ALVORECER RESGATANDO VIDAS,IGREJA.IMARV@GMAIL.COM,AVENIDA DUQUE DE CAXIAS,41 84983261,Organização Religiosa,Ativas
1385817,IGREJA EVANGELICA TEMPLO DAS AGUIAS,NEGRAO.ALEXANDRE@YAHOO.COM.BR,RUA ANTONINA,41 33564040,Organização Religiosa,Ativas
1385824,CONGREGACAO CRISTA NO BRASIL,ELISEU.ABINER@CONGREGACAO.ORG.BR,RUA ANTONIO MATIAS FERNANDES,43 34771314,Organização Religiosa,Ativas
1385870,IGREJA PENTECOSTAL AMADO CORACAO DE JESUS,CONTATO@OMNY7.COM.BR,RUA MEXICO,44 88336499,Organização Religiosa,Ativas
1385860,COMUNIDADE ESPACO PAZ,KATIA@MVCONTABILIDADE.COM.BR,"RUA EMILIO CORNELSEN, APT   501                 ANDAR 05                  COND  ASCOT VILLA ED",41 96319034,Organização Religiosa,Ativas
1385889,ORGANIZACAO FILOSOFICA TEKUA,COMUNICATEKUA@GMAIL.COM,"RUA DOUTOR FAIVRE, LOJA  01                  ANDAR TR                  COND  STUDIO LIVING WORK EBLOCO STUDIO LIVING WORK B",41 32329373,Organização Religiosa,Ativas
1385827,IGREJA EVANGELICA TEMPLO DAS AGUIAS,NEGRAO.ALEXANDRE@YAHOO.COM.BR,RUA IRACEMA,41 33564040,Organização Religiosa,Ativas
1385938,ASSOCIACAO ESPORTIVA E DESPORTIVA CLUBE NOVA UNIAO DE AGUAS DO VERE,ESPORTECLUBENOVAUNIAO2022@GMAIL.COM,"ESTRADA AGUAS DO VERE, ANEXO ZONA RURAL",46 99278919,Associação Privada,Ativas
1386136,IGREJA EVANGELICA JESUS PARA AS NACOES DE MARECHAL CANDIDO RONDON-PR,CONTABILIDADE.ESCRITORIOUNIAO@HOTMAIL.COM,AVENIDA EXPEDICIONARIO OTTO GRINGS,45 32841420,Organização Religiosa,Ativas
1385939,ASSOCIACAO DOS MORADORES DO JARDIM SAO PEDRO,EDSNUNES3@GMAIL.COM,"RUA RUA RIO CAPITANDUVA, CASA  CASA",41 98710441,Associação Privada,Ativas
1386276,ASSOCIACAO DOS CICLISTAS DE PRADO FERREIRA - PR,EVOLUCAOCONTABILIDADE2016@GMAIL.COM,RUA RUI SERGIO,43 98397777,Associação Privada,Ativas
1386147,INSTITUTO SER FAMILIA,INSTITUTOSERFAMILIA@GMAIL.COM,AVENIDA COMENDADOR FRANCO,41 99891030,Associação Privada,Ativas
1386157,ASSOCIACAO RECREATIVA E CULTURAL DE MULHERES,ESCRITORIOMONACO@TERRA.COM.BR,RUA RECIFE,43 96223179,Associação Privada,Inaptas
1386209,"ASSOCIACAO DOS TRABALHADORES PORTUARIOS AVULSOS NOS PORTOS DE ANTONINA, PARANAGUA E PONTAL DO PARANA - ATPAS",CONTROLADORIA@MEDSULSAUDE.COM.BR,RUA JOAO EUGENIO,41 99765867,Associação Privada,Inaptas
1386460,CENTRO DE INTEGRACAO EMPRESA-ESCOLA DO PARANA,APUCARANA@CIEEPR.ORG.BR,"RUA DR. JOAO MAXIMIANO, SALA  1                   SALA  3                   SALA  9",43 34223971,Associação Privada,Ativas
1386481,FRATERNIDADE FEMININA ACACIA DOURADA,VENDRAMINICP@GMAIL.COM,"RUA JOAO DALPASQUALE, SALA  01",46 91142019,Associação Privada,Ativas
1386573,ASSOCIACAO DOS USUARIOS DA AGUA DO BRACATINGA,BORTOLOZOCONTABILIDADE@GMAIL.COM,COMUNIDADE DE LINHA BRACATINGA ESTRADA PRINCIPAL,42 34465961,Associação Privada,Ativas
1386617,ASSOCIACAO ESTANCIA COLINA DO SOL,COLINADOSOL.LONDRINA@GMAIL.COM,FAZENDA TRES BOCAS,43 91532612,Associação Privada,Ativas
1386561,ASSOCIACAO RONDONENSE DE TRES TAMBORES E SEIS BALIZAS,ARTTBMARECHAL@GMAIL.COM,RUA JOSE BONIFACIO,45 99331161,Associação Privada,Ativas
1386575,IGREJA UNIVERSAL DO REINO DE DEUS,ATAS@SP.UNIVERSAL.ORG.BR,"AVENIDA ANDIRA, LOTE  06                  QUADRA14",11 23926746,Organização Religiosa,Ativas
1386653,CONGREGACAO CRISTA NO BRASIL,ADMCCBMDC@GMAIL.COM,RUA CAMPO GRANDE,44 32452861,Organização Religiosa,Ativas
1386630,CONGREGACAO CRISTA NO BRASIL,ADMCCBMDC@GMAIL.COM,RUA JOSINO RIBEIRO,44 32452861,Organização Religiosa,Ativas
1386676,CONGREGACAO CRISTA NO BRASIL,ADMCCBMDC@GMAIL.COM,PRACA ARLINDO RAMOS DE AMORIM,44 32452861,Organização Religiosa,Ativas
1386688,CONGREGACAO CRISTA NO BRASIL,ADMCCBMDC@GMAIL.COM,RUA VITAL MARTINS QUADRADO,44 32452861,Organização Religiosa,Ativas
1387001,ASSOCIACAO PRESBITERIANA RESTAURADA-APR,FIEB.ADM2021@GMAIL.COM,RUA BARTOLOMEU LOURENCO DE GUSMAO,41 30790535,Associação Privada,Ativas
1386882,ASSOCIACAO DO NUCLEO DE DECORACAO DE PONTA GROSSA,XXX@XXX.COM.BR,AVENIDA VISCONDE DE MAUA,42 91023238,Associação Privada,Ativas
1387137,IGREJA PENTECOSTAL ASSEMBLEIA DE DEUS MINISTERIO BELEM DE PONTA GROSSA,XXXXXXXXXXX@GMAIL.COM,RUA MIGUEL ABRAO AJUZ NETO,42 99171040,Organização Religiosa,Ativas
1386954,FEIRA GASTRONOMICA DE SAO MATEUS DO SUL,YY@YY.COM.BR,COMUNIDADE COLONIA TAQUARAL,42 98568887,Associação Privada,Ativas
1387127,INSTITUTO BEST WISHES,AURELIO.PEREIRA@BWISHES.COM.BR,AVENIDA DAS GREVILEAS,44 99952031,Associação Privada,Ativas
1387158,CONSELHO DIVINA ALIANCA DE MACONS CRIPTICOS,ALVAROCROVADOR@GMAIL.COM,RUA ANTONIO MARTINS DE ARAUJO,41 96951937,Associação Privada,Ativas
1387265,IGREJA PENTECOSTAL NASCER NO ESPIRITO MINISTERIO DERRUBANDO GIGANTES,PR-EDMARGIMENEZ@HOTMAIL.COM,AVENIDA LUCILIO DE HELD,44 99904601,Organização Religiosa,Inaptas
1387271,ASSOCIACAO DE MICRO PRODUTORES RURAIS CAMPOS DE PRIMAVERA,CONTATO@CAMPOSDAPRIMAVERA.COM.BR,"RUA JORDELINO SILVA, LOTE  45",43 33297336,Associação Privada,Ativas
1387535,INSTITUTO NACIONAL DE PROCESSAMENTO DE EMBALAGENS VAZIAS - INPEV,INPEVFISCAL@INPEV.ORG.BR,"RODOVIA BR-487 SAIDA PARA CRUZEIRO DO OESTE, LOTE  A-1",11 30694427,Associação Privada,Ativas
1387685,ASSOCIACAO KINGS WORLD,EDUARDOBRASILSUL@GMAIL.COM,AVENIDA SAO PAULO,44 97546767,Associação Privada,Ativas
1387618,COMUNIDADE APOSTOLICA NOVO TEMPO - CANT,ANA@ORBRACON.COM.BR,RUA ETUZI TAKAYAMA,41 91334874,Organização Religiosa,Ativas
1387728,ASSOCIACAO SINTIITEL,SINTIITELCWB@HOTMAIL.COM,RUA PEDRO ZAGONEL,41 35019460,Associação Privada,Ativas
1387732,DECIMA QUINTA IGREJA PRESBITERIANA RENOVADA DE MARINGA,RODRIGOMESURARO@HOTMAIL.COM,AVENIDA PIONEIRO ANTONIO FERNANDES MACIEL,44 99444162,Organização Religiosa,Ativas
1387734,TEMPLO ESPIRITUALISTA DE UMBANDA AMIGOS DE JOAO,ROMULO0169@GMAIL.COM,RUA BIGUA,41 84365427,Organização Religiosa,Ativas
1387837,ASSOCIACAO BATISTA DE ACAO SOCIAL,FRANCIANE.SOUZA@PIBCURITIBA.ORG.BR,RUA JOSE PEDRO ROMANO,41 30914458,Associação Privada,Ativas
1387997,ASSOCIACAO COMUNITARIA ENCONTRO DAS AGUAS,JUANDIRCKSEN@HOTMAIL.COM,"RUA SETE DE SETEMBRO, SALA  2",43 96447722,Associação Privada,Ativas
1387893,IGREJA CRISTA PASTOREAR E APASCENTAR,ASSESSORIA@IGREJAICPA.COM.BR,RUA JATOBA C - 3,41 92034041,Associação Privada,Ativas
1388174,ASSOCIACAO CATOLICA DIVINO AMOR,NEIDEGERBER@GMAISL.COM,"ESTRADA LINHA SAO JOSE DO LISO, LOTE  81-A GLEBA 131 CP",46 99210624,Associação Privada,Ativas
1388166,ASSOCIACAO DE PROPIETARIOS E MORADORES DO LEBLON,TAVARESCONTABIL@LIVE.COM,RUA PROFESSORA CLELIA,41 98586479,Associação Privada,Ativas
1388229,CERV COMUNIDADE ESPERANCA RESGATE VIDAS,CTCERV@GMAIL.COM,RUA RIBEIRAO DO TIGRE,41 11111111,Associação Privada,Ativas
1388217,TERREIRO JOSE MARCHESINI TJM,TERREIROJOSEMARCHESINI@GMAIL.COM,RUA JOAQUIM MENDES SOBRINHO,44 99722791,Organização Religiosa,Ativas
1388433,UBIRATA MOTO CLUBE,DELTA@DELTACONTAB.COM.BR,RUA OLEO PARDO,44 99578371,Associação Privada,Ativas
1388240,ASSOCIACAO QG MILITARIA DO BRASIL ESTANDE DE TIRO INDOOR,CONTATO@DOCLA.COM.BR,"RUA TENENTE CAMARGO, ANDAR 1                   SALA  11                  QUADRA135                 LOTE  15",46 91349819,Associação Privada,Ativas
1388382,CENTRO DE INTEGRACAO EMPRESA-ESCOLA DO PARANA,MARINGA@CIEEPR.ORG.BR,AVENIDA CRISTOVAO COLOMBO,44 32180300,Associação Privada,Ativas
1388399,INSTITUTO SANTA TEREZINHA DO MENINO JESUS,CONTATOMATER.REGINA@GMAIL.COM,AVENIDA BARAO DO RIO BRANCO,45 91146685,Associação Privada,Ativas
1388526,FEDERACAO DOS SERVIDORES DO JUDICIARIO ESTADUAL - FEJUD,SECRETARIA@ASSEJUSPR.ORG.BR,RUA UBALDINO DO AMARAL,41 11111111,Associação Privada,Ativas
1388442,IGREJA PENTECOSTAL AVIVAMENTO COM CRISTO - MINISTERIO RESGATANDO VIDAS,WWW@COM.BR,RUA GOVERNADOR MANOEL RIBAS,44 98629607,Organização Religiosa,Ativas
1388506,PRIMEIRA IGREJA BATISTA DE CARAMBEI,PIB.CARAMBEI@GMAIL.COM,RUA DOS TOPAZIOS,42 99945123,Organização Religiosa,Ativas
1388529,INSTITUTO ESPIRITUAL XAMANICO FRATERNIDADE DE LUZ TRIBO ARCO IRIS,GARALUZCONTABILIDADE@GMAIL.COM,RUA PARIS JARDIM ALICE I,45 99710792,Organização Religiosa,Ativas
1388574,IGREJA VIVA EM CELULAS,CONTABILIDADE@ELEVENCONTABILIDADE.COM.BR,RUA NAPOLEAO BONAPARTE,41 99361166,Organização Religiosa,Ativas
1388621,ASSOCIACAO DE MORADORES PAROLIN - ASMOPAR,ORCONPAR@HOTMAIL.COM,LOTEAMENTO LOTE 15-REM-B-II,44 99966383,Associação Privada,Ativas
1388609,ASSOCIACAO MANGUEIRENSE DE AMPARO ANIMAL,TIPUSCONTABIL@GMAIL.COM,RUA GETULIO VARGAS,46 99192227,Associação Privada,Ativas
1388642,ASSOCIACAO ACAO DA CIDADANIA CURITIBA E REGIAO METROPOLITANA - PARANA,CORREAMARCOS578@GMAIL.COM,RUA ANTONIO CARLOS SUPLICY DE LACERDA,41 98526828,Associação Privada,Ativas
1388717,ASSOCIACAO CENTRO DE EXCELENCIA DO FUTEBOL DE UMUARAMA - ACEFU,STOKVIDA@GMAIL.COM,"RUA DOS TAXISTAS, LOTE  12                  QUADRA15",44 98012522,Associação Privada,Ativas
1388627,ASSOCIACAO DE ARTE E ARTESANATO ART INGA,DARCI@PLANOCON.COM.BR,"RUA VEREADOR JOSE MARIO HAUARI, CASA  A",44 88561911,Associação Privada,Ativas
1388734,ACAO SOCIAL DO PARANA,ASP@ASPR.ORG.BR,RUA MARECHAL RONDON,41 33306200,Associação Privada,Ativas
1388769,ASSOCIACAO ESPORTIVA EBENEZER PONTAGROSSENSE (ASSEEPG) PONTA GROSSA -PR,SIQUEIRA13BIB@GMAIL.COM,RUA PROFESSOR PLACIDO CARDON,42 99899688,Associação Privada,Ativas
1388858,NUCLEO DE JOVENS EMPRESARIOS DE REALEZA,LIMPPAR@OUTLOOK.COM,AVENIDA BRUNO ZUTTION,46 99263799,Associação Privada,Ativas
1389107,INSTITUTO E CENTRO DE FORMACAO ETNO BIO DIVERSO ANGELO KRETA,ISATUKANA@GMAIL.COM,RUA ISIDIO ALVES RIBEIRO,41 97766426,Associação Privada,Ativas
1388905,POIEMA CHURCH CWB,LEGALIZACAO.PROSPER@NEXOCONT.COM.BR,RUA ANGELO SCARAMUZA,12 35123515,Organização Religiosa,Ativas
1389061,ASSOCIACAO DOS CONDOMINOS DO RESIDENCIAL RIO PARANA,CONTATO@EURO.ADM.BR,"AVENIDA CATARINA SUBA JARUS, QUADRA89D                 LOTE  1/2",44 30139400,Associação Privada,Ativas
1388870,IGREJA SOMOS UM CURITIBA,CONTATO@GRUPOSILVAESOUSA.COM.BR,RUA EUNICE BETTINI BARTOSZECK,61 33878323,Organização Religiosa,Ativas
1389199,MISSION AT WORK,CONTASUL@HOTMAIL.COM.BR,"RUA FAGUNDES VARELA, LOJA  LJ                  ANDAR TR                  COND  JOANI DUREK ED",41 21050928,Associação Privada,Ativas
1389203,LIVRES CHURCH COMUNHAO CRISTA,EXATOCONTABIL13@GMAIL.COM,RUA ARI JOSE VALLE,41 97810740,Organização Religiosa,Ativas
1389254,EQUIPE DE PEDESTRIANISMO PE VERMELHO,ATENDIMENTO@AUTENTICACONTABILIDADE.COM,"RUA DOUTOR OSWALDO CRUZ, APT   201",43 99840890,Associação Privada,Ativas
1389293,ASSOCIACAO DAS AGUAS DE INVERNADINHA,ASSOCDASAGUAS2023@GMAIL.COM,"AREA RURAL - ESTRADA DE INVERNADINHA, ANEXO LADO CAP N SRA FATIM",42 99803621,Associação Privada,Ativas
1389307,MINISTERIO PROFETICO CELEIRO DE MILAGRES CHURCH,VFAM23@HOTMAIL.COM,AVENIDA GRAMADO,45 30282240,Organização Religiosa,Ativas
1389298,INSTITUTO SOCIAL E CENTRO DE FORMACAO DE ATLETAS EDSON PAULISTA,ANAHUDSON1404@GMAIL.COM,RUA ANTONIO FERRARINI,41 96581115,Associação Privada,Ativas
1389256,IGREJA BATISTA GETSEMANI DE PRESIDENTE CASTELO BRANCO - PR,PCBIGREJABATISTAGETSEMANI@GMAIL.COM,RUA WANDERLEY PEREIRA MACHADO,44 84064821,Organização Religiosa,Ativas
1389394,ASSOCIACAO LAGEADENSE DOS PRODUTORES RURAIS DA COLONIA LAGEADO DE BAIXO,ATALAIA_CONT@YAHOO.COM.BR,COLONIA LAGEADO DE BAIXO,42 35421281,Associação Privada,Ativas
1389349,ASSOCIACAO PARA O DESENVOLVIMENTO E INCLUSAO,WANDERLEYHADDAD@GMAIL.COM,AVENIDA SETE DE SETEMBRO,41 96114708,Associação Privada,Ativas
1389410,PRIMEIRA IGREJA BATISTA RENOVADA,ESCRITORIOOMEGA@HOTMAIL.COM,"AVENIDA DOMINGOS SANCHES, QUADRA38",44 34238699,Organização Religiosa,Ativas
1389458,ASSOCIACAO DOS FEIRANTES DA FEIRA DA LUA,FEIRADALUACASTRO@GMAIL.COM,PRACA INDALECIO DE MACEDO,42 91417694,Associação Privada,Ativas
1389516,ASSOCIACAO MULHERES EM ACAO AMA,HELITON@DRABECKI.COM.BR,"RUA GERMANO SANTOS DE MIRANDA, SALA  AULA 1",42 34571730,Associação Privada,Ativas
1389552,FEDERACAO DE ASSISTENCIA SOCIAL E APRENDIZAGEM PROFISSIONAL - FENASAP,YVY.KARLA@GMAIL.COM,RUA GRAVIOLAS,41 99890476,Associação Privada,Ativas
1389687,INSTITUTO SEMPREJUSTO,IVANMARTINSDEANDRADE@GMAIL.COM,"RUA PROFESSORA MARIA DE ASSUMPCAO, CASA  06                  COND  LONDRES RES",41 88371080,Associação Privada,Ativas
1389517,IGREJA APOSTOLICA UM SO CORACAO (IAUC),IGREJAAPOSTOLICAUMSOCORACAO@GMAIL.COM,RUA ARAPONGAS,41 96082520,Organização Religiosa,Ativas
1389703,COMUNIDADE MISSAO AGAPE - ASSOCIACAO INTERNACIONAL PRIVADA DE FIEIS,ESCRITORIOALFA@ESCRITORIOALFA.COM.BR,RUA CALU,43 91885786,Associação Privada,Ativas
1356984,IGREJA ASSEMBLEIA DE DEUS MINISTERIO PENTECOSTAL DE LIBERTACAO DEUS FIEL,ACSCONTABILIDADE27@GMAIL.COM,RUA MARCO POLO,41 97065306,Organização Religiosa,Ativas
1389719,APSEC - ASSOCIACAO DE PROFISSIONAIS EM SECRETARIADO EXECUTIVO E TECNICOS EM SECRETARIADO,ASSOCIACAO.APSEC@GMAIL.COM,"AVENIDA PEDRO TAQUES, ANDAR 15",44 30283677,Associação Privada,Ativas
1389790,"ASSOCIACAO DOS MORADORES, PROPRIETARIOS E AMIGOS DA VILA RURAL CAMINHO DO FUTURO",CC.EXATA@GMAIL.COM,RUA MAURILIO GONCALVES DE OLIVEIRA,45 32321331,Associação Privada,Ativas
1389749,IGREJA CASA DE MISERICORDIA BETESDA,GARALUZCONTABILIDADE@GMAIL.COM,AVENIDA ANDRADINA,45 99134735,Organização Religiosa,Ativas
1389839,IGREJA EVANGELICA ASSEMBLEIA DE DEUS MINISTERIO DE ARAPONGAS,MASSEMBLEIAARAPONGAS2023@GMAIL.COM,RUA TOPAZIO VERMELHO,44 98510860,Organização Religiosa,Ativas
1390136,"ASSOCIACAO DE MAES, PAIS E AMIGOS DE PESSOAS COM AUTISMO DE PAICANDU",WWW.AMAPAIASSOCIACAO@HOTMAIL.COM,RUA ANISIO MONTESCHIO,44 84569076,Associação Privada,Ativas
1389992,APAFAM ASSOCIACAO PARANAENSE DE ARBITROS DE FUTEBOL AMERICANO,MCNORILLER@GMAIL.COM,"RUA AMADEU DO AMARAL, CASA  4                   COND  VILLAGGIO FRASQUETTI",41 97294569,Associação Privada,Ativas
1390171,"ASSOCIACAO ADMINISTRADORA DA FAIXA DE 3,5 GHZ - EAF",A@A.COM.BR,"RUA COMENDADOR ARAUJO, CONJ  1001                ANDAR 10                  COND  EVOLUTION TOWERS CD BLOCO ALA CORPORATIVO",11 99999999,Associação Privada,Ativas
1390202,ASSOCIACAO DE DOULAS E PROFISSIONAIS DE SERVICOS PERINATAIS MATERNATI,INFO@MATERNATI.COM.BR,"RUA JOAQUIM NABUCO, SALA  01",44 99718601,Associação Privada,Ativas
1390223,ASSOCIACAO COMUNITARIA DE MORADORES DA LOCALIDADE DE SERRINHA,MAURICIOTEIXEIRA30@HOTMAIL.COM,COMUNIDADE LOCALIDADE DE SERRINHA,42 99002154,Associação Privada,Inaptas
1390280,IGREJA NOAH CURITIBA,CARDOSOESIQUEIRA@TERRA.COM.BR,RUA MARCOS BERTOLDI,11 45186607,Organização Religiosa,Ativas
1390234,CENTRO DE INTEGRACAO EMPRESA-ESCOLA DO PARANA,PONTAGROSSA@CIEEPR.ORG.BR,"RUA CONSELHEIRO JESUINO MARCONDES, SALA  01 - POLO UNINGA",42 32226446,Associação Privada,Ativas
1390375,PROGRAMA DO VOLUNTARIADO PARANAENSE SANTA MARIANA,CRIS_24MG@HOTMAIL.COM,RUA RUA LAURA MERCHIONE SPAGOLLA,43 35311229,Associação Privada,Ativas
1390302,MOVIMENTO CONSERVADORISMO ESTUDANTIL - MCE,CONSERVADORISMOESTUDANTIL@GMAIL.COM,RUA MEM DE SA,44 99764924,Associação Privada,Inaptas
1357528,ASSOCIACAO  COMUNIDADE  VILA  NOVA  PAPELAO,FEMOCLAM@HOTMAIL.COM,RUA ANTON TCHEKOV,41 97182369,Associação Privada,Ativas
1390451,INSTITUTO LEO PERUSSOLO,SONIA@CONSTRUTORASANREMO.COM.BR,ALAMEDA PRESIDENTE TAUNAY,41 32337685,Associação Privada,Ativas
1390694,IGREJA HAMASHIA MINISTERIO PODER PENTECOSTAL,NACIONALCONTABILIDADE@HOTMAIL.COM,AVENIDA POR DO SOL,45 99754857,Organização Religiosa,Ativas
1390775,ATLETICA SIMULACAO SOCIAL DO DEPARTAMENTO DE COMUNICAO SOCIAL DA UNIVERSIDADE ESTADUAL CENTRO-OESTE,GABRIELFONSECARODRIGUES@HOTMAIL.COM,RUA SALVATORE RENNA - PADRE SALVADOR,42 99470528,Associação Privada,Ativas
1390933,ASSOCIACAO FILANTROPICA FRATERNIDADE CURITIBA,FRATERNIDADECWB182@GMAIL.COM,RUA FRANCISCO RAITANI,41 99035963,Associação Privada,Ativas
1390996,IGREJA PENTECOSTAL CRISTO E FIEL - IPCF,CONTATO@CEKCONTABILIDADE.CNT.BR,RUA DOUTOR SIZENANDO BOURGUIGNON,42 98646485,Organização Religiosa,Ativas
1391054,ASSOCIACAO VINDE VIDA EM MOVIMENTO,JCM.MACHADO@GMAIL.COM,AVENIDA SENADOR SALGADO FILHO,41 91136040,Associação Privada,Ativas
1390951,ASSOCIACAO AMIGOS DA FUNDACAO ITAIPU,TAILOR@FUNDACAOITAIPU.COM.BR,AVENIDA GRAMADO,45 31324034,Associação Privada,Ativas
1391089,ASSOCIACAO MOURAOENSE AMIGOS DOS AVENTUREIROS,BHCONTADOR@HOTMAIL.COM,RUA ESPANHA,44 99786361,Associação Privada,Ativas
1391207,INSTITUTO LIDIA VALIATI,EGIDIO@FRIVATTI.IND.BR,"RODOVIA BR 277, KM 680",45 32408700,Associação Privada,Ativas
1391272,ASSOCIACAO DOS CAMINHONEIROS AUTONOMOS DE MARINGA E REGIAO,LUIZMUELLER.1971@GMAIL.COM,RUA PAUL PERCY HARRIS,44 97207632,Associação Privada,Ativas
1391482,ASSOCIACAO SAO DOMINGOS DE PRODUTORES DE LEITE,CONTATO@ESCRITORIOIGUACU.COM,COMUNIDADE LINHA SAO DOMINGOS,46 99937961,Associação Privada,Ativas
1391642,PRIMEIRA IGREJA BATISTA DA LAGOINHA EM TOLEDO,BARROSJD@YAHOO.COM.BR,AVENIDA JOSE JOAO MURARO,21 72781605,Organização Religiosa,Ativas
1391291,INSTITUTO LANTERNA LUMINOSA,FEMOCLAM@HOTMAIL.COM,"RUA BRUNO FILGUEIRA, APT   161                 ANDAR 16                  COND  VALENCIA ED",41 32245000,Associação Privada,Ativas
1391295,ASSOCIACAO JARDIM SERA O BENEDITO,FEMOCLAM@HOTMAIL.COM,RUA ALBERTO OTTO,41 32245000,Associação Privada,Ativas
1391829,CONGREGACAO CRISTA NO BRASIL,ESCRITORIOATHUS@GMAIL.COM,"AVENIDA JOSE FELIPE TEQUINHA, LOTE  01                  QUADRA05",44 34234214,Organização Religiosa,Ativas
1391843,MINISTERIO AVIVAMENTO PLENO PG,MAVIVAMENTOPLENOPG@GMAIL.COM,RUA COUTO MAGALHAES,42 99241073,Organização Religiosa,Ativas
1391864,ASSOCIACAO PARANAENSE DOS CRIADORES DE ANIMAIS - APACRIA,CONFAG2015@GMAIL.COM,"PRACA DOUTOR VICENTE MACHADO, SALA  1",41 96597225,Associação Privada,Ativas
1391986,ASSOCIACAO DESPORTIVA DE PAIS E ATLETAS DO FUTSAL DA BASE,HARILTON.LIMA@GMAIL.COM,RUA ANITA GARIBALDI,42 99231718,Associação Privada,Ativas
1391949,ASSOCIACAO CLUBE ATLETICO IMBAU,ALANMACHADO2601@GMAIL.COM,RUA JACOBITA,42 91343572,Associação Privada,Ativas
1392495,ASSOCIACAO DOS OPERADORES ECOLOGICOS DE GUARAPUAVA,ADOEGUARAPUAVA@GMAIL.COM,"RUA BERTOLDO OSVALDO SAUER, BRCAO B",42 99999999,Associação Privada,Ativas
1392265,ASSOCIACAO DE COLETORES MBYA KUERY KA A,ASSOC.COLETORESGUARANI@GMAIL.COM,"ESTRADA PRINCIPAL, LOTE  MARRECAS",42 36421660,Associação Privada,Ativas
1392090,IGREJA JESUS E O CAMINHO RESGATANDO VIDAS,MARIOGERZELEZAK@GMAIL.COM,AVENIDA AVENIDA DAS PALMEIRAS,44 35751272,Organização Religiosa,Ativas
1392545,ASSOCIACAO DOS IRMAOS DA COPIOSA REDENCAO,COPIOSA.PINHAIS@GMAIL.COM,"RODOVIA BR 373, KM 186,2",42 91446323,Associação Privada,Ativas
1392565,OBRA SOCIAL NOSSA SENHORA DA GLORIA - FAZENDA DA ESPERANCA,GERENTECONTABIL@FAZENDA.ORG.BR,"ESTRADA AREA RURAL, LOTE  GLEBA 13- COL MOURAOLOTE  124-B",12 31288800,Associação Privada,Ativas
1392596,CASA DE CARIDADE FILHOS DE SAO JORGE,FRAN_EDDE@HOTMAIL.COM,RUA CIDADE DE PALMAS,41 87876033,Organização Religiosa,Ativas
1392635,ASSOCIACAO DAS GESTORAS DO CENTRO CULTURAL - G5,CONTATO@CONTABILIDADESANTAHELENA.COM.BR,RUA CALIXTO RAZOLINI,41 99603415,Associação Privada,Ativas
1392662,IGREJA EVANGELICA REMANESCENTE ESTRELA DA MANHA,PAMELAAMARAL93S@GMAIL.COM,"RUA ESTADOS UNIDOS, SALA  A",43 99975718,Organização Religiosa,Ativas
1392650,IGREJA MISSIONARIA JESUS REI DOS REIS,CRISTIANOSANTANADEOLIVEIRA@HOTMAIL.COM,RUA JOAO REPOSSI,45 84039307,Organização Religiosa,Ativas
1392758,ASSOCIACAO DOS AMIGOS CORRENDO JUNTOS,CONTABILIDADEPABIS@GMAIL.COM,AVENIDA DAS FLORES,42 99640780,Associação Privada,Ativas
1392756,IGREJA GERACAO COM PALAVRA,GERACAOCOMPALAVRA@OUTLOOK.COM.BR,AVENIDA EUCLIDES DA CUNHA,44 98690299,Organização Religiosa,Ativas
1392766,CONGREGACAO CRISTA NO BRASIL,ELISEU.ABINER@CONGREGACAO.ORG.BR,AVENIDA CATEDRAL,43 34771314,Organização Religiosa,Ativas
1392774,FPRJJ - FEDERACAO PARANAENSE DE JIU JITSU E GRAPPLING,IVAN77JR@YAHOO.COM.BR,RUA FRANCISCO LACHOWSKI,41 88535253,Associação Privada,Ativas
1392810,INSTITUTO SANTA EDITH STEIN,INSTITUTOSANTAEDITHSTEIN@GMAIL.COM,"AVENIDA DR CLODOALDO DE OLIVEIRA, SALA  B",44 98054555,Associação Privada,Ativas
1392829,CONGREGACAO CRISTA NO BRASIL,ELISEU.ABINER@CONGREGACAO.ORG.BR,AVENIDA CASTRO ALVES,44 34771314,Organização Religiosa,Ativas
1392941,A.A.A.M.R ASSOCIACAO ATLETICA ACADEMICA MANOEL RIVEROS - KORINGA,NACIONALCONTABILIDADE@HOTMAIL.COM,"RUA PADRE BERNARDO PLATE, COND  VILLAGE SAN FRANCISCAPT   202",81 96801812,Associação Privada,Ativas
1392831,ASSOCIACAO MULHERES EMPREENDEDORAS DE GUARAPUAVA,LARINHA_CABREIRA@HOTMAIL.COM,"RUA AFONSO BOTELHO, SALA  01",42 98315252,Associação Privada,Ativas
1392983,ASSOCIACAO PRACA DE ALIMENTACAO YELLOWSTONE PARK,CONDOMINIO@CRFCONTABILIDADE.COM,RUA DOUTOR OSWALDO CRUZ,43 34220985,Associação Privada,Ativas
1392927,ASSOCIACAO FUNDO MAIS - MORADIA EM ALUGUEL DE INTERESSE SOCIAL,RICARDOPOLUCHA@GMAIL.COM,"PRACA GENERAL OSORIO, CONJ  502                 ANDAR 06                  COND  ANA CRISTINA ED",41 99251991,Associação Privada,Ativas
1392978,IGREJA EVANGELICA PENTECOSTAL GERACAO DO SENHOR,SMREPRESENTACAOCOMERCIAL@YAHOO.COM.BR,RUA RIO PITANGUI,42 84330050,Organização Religiosa,Ativas
1392991,ASSOCIACAO BENEFICENTE BEIT HALLEL,SONIAMARTA@HOTMAIL.COM,RUA ANGELO MICHELETTO,45 99421305,Associação Privada,Ativas
1392992,INSTITUTO GRANDOMANI,CONTATO@GRANDOMANI.COM.BR,"RUA JOSE ERASMO STORNIOLO, SALA  1503                ANDAR 15                  COND  WORLD BUSINESS ED",41 33283382,Associação Privada,Ativas
1393040,FEDERACAO PARANAENSE DE JIU-JITSU ESPORTIVO,A@A.COM.BR,RUA OLIVIO SETIM,41 30306888,Associação Privada,Ativas
1393070,SOCIEDADE BRASILEIRA DE DERMATOLOGIA PEDIATRICA - SBDP,ALINE_SANTIN@YAHOO.COM.BR,RUA DESEMBARGADOR VIEIRA CAVALCANTI,49 99220530,Associação Privada,Ativas
1393134,ENCAL CISAL BRASIL (ECB),ENCALCISALBRASIL@GMAIL.COM,"RUA MARQUES DE ABRANTES, SALA  03",44 99895006,Associação Privada,Ativas
1393133,CLUBE AUTOMOBILISTICO AMIGOS E ANTIGOS DE SANTA TEREZINHA DE ITAIPU - C.A.A.A.,CONTABIL12@ACONFOZ.COM.BR,RUA 03 DE MAIO,45 99762878,Associação Privada,Ativas
1393201,MITRA DA DIOCESE DE SAO JOSE DOS PINHAIS,SECRETARIAORIONITA@GMAIL.COM,RUA HENRIQUE BORTOLAN,41 30359806,Organização Religiosa,Ativas
1393223,ASSOCIACAO ATLETICA ACADEMICA DE CIENCIAS SOCIAIS APLICADAS - A.A.A.C.S.A.,AAACSAFB@GMAIL.COM,AVENIDA JULIO ASSIS CAVALHEIRO,46 99349281,Associação Privada,Ativas
1393400,ASSOCIACAO ATLETICA ACADEMICA COMUNITARIA DE MEDICINA DA UNIVERSIDADE PRIVADA DEL ESTE - SEDE PRESIDENTE FRANCO PY,NACIONALCONTABILIDADE@HOTMAIL.COM,AVENIDA JUSCELINO KUBITSCHEK,45 88105115,Associação Privada,Ativas
1393545,INSTITUTO DE APOIO AO ESPORTE A CRIANCAS CARENTES BIG BOL,JURIDICO@SALACONTABILIDADE.COM.BR,"RUA ALLAN KARDEC, SALA  01",44 32275454,Associação Privada,Ativas
1393586,MORADA COMUNIDADE CRISTA,CONTATO.MORADASJP@GMAIL.COM,RUA ESTELA MARI REZENDE,47 91279402,Organização Religiosa,Ativas
1393405,INSTITUTO SAO JOSE DE VIOLA CAIPIRA,JOSIMARACHOMA@GMAIL.COM,RUA JACY BRANDAO,44 91516442,Associação Privada,Ativas
1393664,ASSOCIACAO SOLIDARIA DE AUTOGESTAO COMUNITARIA DO BRASIL,EUCLIDES.MANCE@SOLIDARIUS.COM.BR,RUA PAULO GRAESER SOBRINHO,41 96194393,Associação Privada,Ativas
1393814,5 IGREJA PRESBITERIANA DE MARINGA,CONTATO@ESCRITORIOMAXXI.COM.BR,AVENIDA DOS PALMARES,44 30350475,Organização Religiosa,Ativas
1393816,INSTITUTO CEU CENTRO EDUCACIONAL UNIFICADO,CEU@JOCUMPR.COM.BR,RUA VEREADOR WADISLAU BUGALSKI,41 99539473,Associação Privada,Ativas
1393815,INSTITUTO ESPIRITUAL REPROGRAMACAO DO SER,INSTITUTOREPROGRAMACAODOSER@GMAIL.COM,RUA BRASILIO BONTORIN,41 99804532,Organização Religiosa,Ativas
1393843,PAROQUIA NOSSA SENHORA DAS GRACAS,PANSGRACAS@GMAIL.COM,RUA PADRE RICARDO,45 31972131,Organização Religiosa,Ativas
1393907,CENTRO DE UMBANDA UNIAO DOS POVOS CABOCLO SERRA NEGRA,MACOANTONI@YAHOO.COM.BR,RUA ALCIDES VASCONCELOS,41 97921506,Organização Religiosa,Ativas
1393919,ASSOCIACAO DOS AGRICULTORES SAO FRANCISCO DE ASSIS,CONCEITOCONTABILIDADE02@HOTMAIL.COM,SITIO LINHA OURO FINO,46 99000659,Associação Privada,Ativas
1394149,ASSOCIACAO INDIGENA GUAKAXE,ASSOCIACAOGUAKAXE@GMAIL.COM,"ESTRADA ALDEIA TUPA NHE'E KETA, KM    50",41 98542159,Associação Privada,Ativas
1394031,IGREJA VIDA,IGREJAVIDA.PR@GMAIL.COM,RUA JOSE DOLCIDIO PARIS,41 98114585,Organização Religiosa,Ativas
1394057,ASSOCIACAO FAZER O BEM SEMPRE,PARALEGAL@FUNCIONAL.COM,RUA ANTONIO DAMIAN,45 32255342,Associação Privada,Ativas
1394255,CENTRO DE INTEGRACAO EMPRESA-ESCOLA DO PARANA,MARINGA@CIEEPR.ORG.BR,"RUA GOIAS, SALA  01",44 32180300,Associação Privada,Ativas
1394383,SOCIEDADE FILANTROPICA SEMEAR DE MEDIANEIRA - PR,SEMEAR@SEMEARMEDIANEIRA.ORG.BR,AVENIDA PRESIDENTE VARGAS,45 32640058,Associação Privada,Ativas
1394297,APALUZ - ASSOCIACAO DE PROTECAO AOS ANIMAIS DE LUIZIANA,FERRICONTABILIDADE@UOL.COM.BR,AVENIDA LIBERDADE,44 35711261,Associação Privada,Ativas
1394447,TENDA DE UMBANDA AMIGOS DO AXE - PROJETO AJUDARR,NATHANFERRAZ501@GMAIL.COM,AVENIDA BERTIOGA,44 32592321,Organização Religiosa,Ativas
1394534,APRENDER - ASSOCIACAO DE ENSINO E APOIO EDUCACIONAL DE CAFELANDIA,CONTABCAF@UOL.COM.BR,"RUA FLORIANO PEIXOTO, SALA  03",45 32411882,Associação Privada,Ativas
1394589,ASSOCIACAO DOS SERVIDORES MUNICIPAIS DE JANIOPOLIS,JACKCONT123@GMAIL.COM,"ESTRADA JANIOPOLIS P/ CAMPO MOURAO, BR 272",44 35531055,Associação Privada,Ativas
1394591,IGREJA PENTECOSTAL DO CAMPO MINISTERIO CEIFEIROS DA ULTIMA HORA CDUH,MINISTERIO.CEIFEIROSDAULTIMAHORA@GMAIL.COM,RUA ARISTIDES DE OLIVEIRA,41 85097391,Organização Religiosa,Ativas
1394565,IGREJA EVANGELICA ASSEMBLEIA DE DEUS FONTE DA PALAVRA YHWH,IGREJAADFONTEDAPALAVRA@OUTLOOK.COM,RUA ANTONIO MEIRELLES SOBRINHO,41 33489762,Organização Religiosa,Ativas
1394668,ASSOCIACAO ARUNI IRUNI XAMANISMO URBANO,FLARDV89@GMAIL.COM,RUA DAS DALIAS,45 88125263,Associação Privada,Ativas
1394686,IGREJA MAIS VIDA,VLLCADVOGADOS@GMAIL.COM,"AVENIDA SILVIO AMERICO SASDELLI, SALA  22",81 88390057,Organização Religiosa,Ativas
1394771,NUCLEO PARANAENSE DO QUARTO DE MILHA,DFISCAL@PONCECONTABIL.COM.BR,"AVENIDA TIRADENTES, ANEXO PARQUE GOV NEY BRAGA",43 84035005,Associação Privada,Ativas
1394811,GRUPO ESCOTEIRO LOBOS DO BOSQUE-274,CZANIN@AMPERNET.COM.BR,RUA AUGUSTO CECHINI,46 99189547,Associação Privada,Ativas
1394797,COMUNIDADE JARDIM,RONIVAN.MS@GMAIL.COM,RUA LEONARDO MURASKI,41 88185870,Organização Religiosa,Ativas
1395266,ASSOCIACAO DOADORES DE ESPERANCA,ADECPARANA@GMAIL.COM,TRAVESSA FLORISVAL R. DE MORAIS,43 99009857,Associação Privada,Ativas
1395400,ASSOCIACAO CIVIL LUMINOS,NOVATERRA@LUMINOS.COM.BR,RUA PRIMEIRO DE MAIO,41 91260793,Associação Privada,Ativas
1395610,ASSOCIACAO DOS PROFISSIONAIS ARTESAOS DO SUDOESTE DO PARANA - APASPR,AGUIAREMPRESA@GMAIL.COM,RUA ANDERSON DE CARLI,46 99107777,Associação Privada,Ativas
1395455,AMMAP - ASSOCIACAO MARINGAENSE DE MOTORISTAS DE APLICATIVOS,BISSOCHI@HOTMAIL.COM,"AVENIDA MAUA, SALA  A",44 88163876,Associação Privada,Ativas
1395734,CENTRO DE INTEGRACAO EMPRESA-ESCOLA DO PARANA,TELEMACOBORBA@CIEEPR.ORG.BR,"AVENIDA MARECHAL FLORIANO PEIXOTO, SALA  EMPREGABILIDADE",42 31270274,Associação Privada,Ativas
1395788,CENTRO DE INTEGRACAO EMPRESA-ESCOLA DO PARANA,PONTAGROSSA@CIEEPR.ORG.BR,"RUA MARECHAL FLORIANO PEIXOTO, SALA  UNICESUMAR/FISK",42 32226446,Associação Privada,Ativas
1395762,PRIMEIRA IGREJA BATISTA RENOVADA,ESCRITORIOOMEGA@HOTMAIL.COM,"RUA ROCHA POMBO, LOTE  02 - QUADRA 39",44 34238699,Organização Religiosa,Ativas
1395987,FEDERACAO PARANAENSE DE CARRINHOS DE ROLAMENTO,MLFS1@HOTMAIL.COM,RUA THEODORO ROSAS,42 99763768,Associação Privada,Inaptas
1395802,"ASSOCIACAO DE MORADORES, PEQUENOS AGRICULTORES RECANTO",ADAIR@ARISI.COM.BR,VILA LINHA BARRA BONITA,46 91351716,Associação Privada,Ativas
1396001,ASSOCIACAO DOS MORADORES DA LOCALIDADE RURAL DE CANTAGALLO,ALESSANDRA.AMC@HOTMAIL.COM,COLONIA ESTRADA MUNICIPAL ORLANDO MEZZADRI,42 99957849,Associação Privada,Ativas
1396099,MINISTERIO CIDADE BELIEVE,CIDADEBELIEVE@GMAIL.COM,"RUA FRANCISCO DEROSSO, SALA  08",41 84003554,Organização Religiosa,Ativas
1396224,CASA DE CARIDADE MARINGA,CARIDADEMARINGA@GMAIL.COM,RUA ANTONIO DE OLIVEIRA SOBRINHO,44 99511291,Associação Privada,Ativas
1396089,ASSOCIACAO COMUNITARIA FAXINAL TAQUARI,ANDERSONEMANUELA1991@GMAIL.COM,"COMUNIDADE TAQUARI, PAVLH DA CAPELA SAO JOAO B",42 99510957,Associação Privada,Ativas
1396255,ASSOCIACAO DOS PRODUTORES RURAIS DA SANTISSIMA TRINDADE,RICAARDOALVESILVA@HOTMAIL.COM,"COMUNIDADE DA SANTISSIMA TRINDADE, PAVLH DA IGREJA DA COMUNID",46 91152436,Associação Privada,Ativas
1396231,INSTITUTO DE APOIO E PROTECAO A VIDA DO AUTISTA,LUANA_SAMPAIO81@HOTMAIL.COM,RUA CURITIBA,41 98100139,Associação Privada,Ativas
1396263,ASSOCIACAO DOS MORADORES SITIO HOLANDA,JEANPINHEIROCONTABILIDADE@GMAIL.COM,"RODOVIA JOAO ALVES DA ROCHA LOURES, S/N, LOTE  SUBDIVISAO LOTE 144ACONJ  GLEBA 3 BOCAS",43 33333333,Associação Privada,Ativas
1396321,MOVIMENTO DE VALORIZACAO DA PATOLOGIA CLINICA VETERINARIA,MOVAPCV@GMAIL.COM,AVENIDA BEIRA MAR,41 96684280,Associação Privada,Ativas
1396449,INSTITUTO ENCORAJA,CONTATO@INSTITUTOENCORAJA.ORG,"RUA VISCONDE DO RIO BRANCO, SALA  604                 ANDAR 06                  COND  HANNOVER EMPRESARIAL",41 92371379,Associação Privada,Ativas
1396685,ASSOCIACAO DE DESENVOLVIMENTO COMUNITARIO DOS PRODUTORES RURAL DE CORCOVADO - ADCPRC,LAERCIOBENATO22@GMAIL.COM,ESTRADA ESTRADA CORCOVADO,44 91560149,Associação Privada,Ativas
1396686,IGREJA EVANGELICA ASSEMBLEIA DE DEUS VENTANIA - PR,OSVALDO72@OUTLOOK.COM,RUA ANACLETO BUENO CAMARGO,42 99280536,Organização Religiosa,Ativas
1396725,IGREJA MISSIONARIA CAMINHANDO COM JESUS,EMAIL@EMAIL.COM,RUA PEDRO ESTEFANO CAMARGO,41 97216159,Associação Privada,Ativas
1396500,ESPACO ESPIRITUAL CORACAO LAKOTA - TODOS SOMOS UM,ANDREIAPANHAN1994@GMAIL.COM,RUA HONORATO,44 97306186,Organização Religiosa,Ativas
1396792,AUGUSTA E RESPEITAVEL LOJA SIMBOLICA MONTE MORIA LEALDADE FIDELIDADE OBEDIENCIA,GLEMBMACONARIABRASILEIRA@GMAIL.COM,RUA DESEMBARGADOR ERNANI ALMEIDA DE ABREU,11 49301505,Associação Privada,Inaptas
1396728,FUNDO SOCIAL SINUS,CARLOSRUIBAL@SINUSHUB.ORG,"RUA PROFESSOR PEDRO VIRIATO PARIGOT DE SOUZA, APT   1204                ANDAR 12                  COND  GARDEN PARIGOT ED   BLOCO TORRE I",41 96030085,Associação Privada,Ativas
1396845,ASSOCIACAO SANTO AMARO,SCSANTAHELENA@ASSOCIACAOSANTOAMARO.ORG.BR,"PRACA DO COLONO, QUADRA56                  LOTE  14",45 20322034,Associação Privada,Suspensas
1396948,ASSOCIACAO DOS FEIRANTES DA FEIRA DA LUA DE CONSELHEIRO MAIRINCK,JOSIELSOOUZA@HOTMAIL.COM,RUA RUA JUAREZ LELIS DRIESSEN,43 98372337,Associação Privada,Ativas
1397229,ASSOCIACAO CORRENTE DO BEM,ESCRITORIOJANDAIA@GMAIL.COM,RUA JOSE MARIA DE PAULA,43 99501442,Associação Privada,Ativas
1397165,COMEXPAR - ASSOCIACAO DOS DESPACHANTES ADUANEIROS & COMERCIO EXTERIOR DO PARANA,COMEXPARASSOC@GMAIL.COM,"RUA OURO PRETO, SALA  01",45 99348924,Associação Privada,Ativas
1397274,"GERAR - GERACAO DE EMPREGO, RENDA E APOIO AO DESENVOLVIMENTO REGIONAL",EV@EVCONTABILIDADE.COM.BR,"RUA PALMEIRAS, ANDAR 01                  SALA  02",41 30396599,Associação Privada,Ativas
1397203,COMUNIDADE RENOVO TRI-FRONTEIRA,COMRENOVO.TRI@GMAIL.COM,AVENIDA SANTA CATARINA,49 91833594,Organização Religiosa,Ativas
1397309,AGENCIA DO DESENVOLVIMENTO CULTURAL E DO TURISMO SUSTENTAVEL DO NOROESTE DO PARANA,ESCRITORIOLOGUS@HOTMAIL.COM,RUA WALTER KREISER,44 36231939,Associação Privada,Ativas
1397323,ASSOCIACAO CASA DO ARTESAO DE JURANDA,DAIANE.ANA.JULIA@OUTLOOK.COM,"RODOVIA BR 369, KM    423                 LOJA  05",44 99024494,Associação Privada,Ativas
1397351,ASSOCIACAO FEIRA LIVRE,ADVGIACOMIN@HOTMAIL.COM,"RUA PROFESSOR GALVOSO,",41 92374459,Associação Privada,Ativas
1397376,ASSOCIACAO DOS PRODUTORES DE LEITE E AGROPECUARIA DO MUNICIPIO DE CRUZMALTINA  APROLEITE,JEFFERSONGUTIERREZFILHO@OUTLOOK.COM,SITIO NOSSA SENHORA APARECIDA,43 96651066,Associação Privada,Inaptas
1397429,CENTRO DE TRADICAO GAUCHA POTRO CABORTEIRO,SIDYLYMA@HOTMAIL.COM,RUA LUIZ ANTONIO PEREIRA,42 99091809,Associação Privada,Ativas
1397454,ACADEMIA DE LETRAS DE CIANORTE - ALC,JOROPARANZINI@HOTMAIL.COM,RUA JOSE BONIFACIO,44 36294001,Associação Privada,Ativas
1397453,CENTRO ACADEMICO DE CIBERSEGURANCA,CACS@PUCPR.BR,RUA IMACULADA CONCEICAO,45 99657590,Associação Privada,Ativas
1397470,COMUNIDADE CRISTA ZOE DE CORNELIO PROCOPIO,DUDUBOROTTA@GMAIL.COM,"RUA FRANCISCO MORATO, SALA  02",43 99533683,Organização Religiosa,Ativas
1397468,ABASSA DE XANGO E OYA-OMOLOKO DE ZEFA BAIANA,ANTARES@ANTARESCONTABILIDADE.COM,AVENIDA PIONEIRO ANTONIO RUIZ SALDANHA,44 30295523,Organização Religiosa,Ativas
1397521,IPA - IGREJA PROFETICA ATALAIA,JULIANASKURA@HOTMAIL.COM,"AVENIDA SILVIO AMERICO SASDELLI, EDIF  DONA IRENE          ANDAR 2.                  SALA  24",45 91263921,Organização Religiosa,Ativas
1397541,ASSOCIACAO DOS MORADORES E PROPRIETARIOS DO LOTEAMENTO PONTA DAS GARCAS,LR7CONDOMINIOS@GMAIL.COM,LOTEAMENTO FAZENDA PONTAL DAS GARCAS,14 81048899,Associação Privada,Ativas
1397597,ASSOCIACAO BENEFICENTE CORACAO DE MAE,MARIAPAULA.LIMA3832@GMAL.COM,RUA JUCA RIPKA,41 85360663,Associação Privada,Ativas
1397669,UNICAN - UNIAO IGUACUENSE DE APOIO AS PESSOAS COM CANCER,ADMUNICAN@OUTLOOK.COM,AVENIDA GRAMADO,45 30261400,Associação Privada,Ativas
1397751,ASSOCIACAO MACONICA GRANDE LOJA ARQUITETOS DE SALOMAO,VALDNEYLIMA71@GMAIL.COM,RUA RIO TOCANTINS,41 91432121,Associação Privada,Ativas
1397726,ASSOCIACAO MARIA TEREZA,LLS.SOLAR.COMPARTILHADO@GMAIL.COM,RUA SOUZA NAVES,11 91509022,Associação Privada,Ativas
1397761,"GERAR - GERACAO DE EMPREGO, RENDA E APOIO AO DESENVOLVIMENTO REGIONAL",EV@EVCONTABILIDADE.COM.BR,RUA MINISTRO OLIVEIRA SALAZAR,41 30396599,Associação Privada,Ativas
1397814,CENTRO ACADEMICO MARCO ANTONIO ZAGO  (CAMAZ),MEDICINACAMAZ@GMAIL.COM,"ALAMEDA ELIO ANTONIO DALLA VECCHIA, EDIF  21",42 91130020,Associação Privada,Ativas
1397815,BRIGADA DE PRESERVACAO DE LINHA FERREA (BPLF-PR),SGNAZARETH@GMAIL.COM,RUA DAS VIOLETAS,43 96370600,Associação Privada,Ativas
1397966,FEDERACAO PARANAENSE DE PATINACAO,CONTATO@FEPP.ORG.BR,RUA DAS ORQUIDEAS,41 30862708,Associação Privada,Ativas
1397980,IGREJA MISSIONARIA CHAMA VIVA MINISTERIO GARUVA,CHAVESCONTABILIDADE@CHAVES007.COM.BR,AVENIDA RUI BARBOSA,47 96308742,Organização Religiosa,Ativas
1397986,ASSOCIACAO DE CATADORES DE MATERIAIS RECICLAVEIS DE ENCANTADAS - ILHA DO MEL (RECICLEME),CENASCON@GMAIL.COM,PRAIA DAS ENCANTADAS,41 84076106,Associação Privada,Ativas
1397983,ASSOCIACAO RECANTO PARAISO I - UNIDADE ACACIA,GESTAO07@PREDIALCONDOMINIOS.COM,SITIO LOTE 01 SITIO FLORESTA,43 33382055,Associação Privada,Ativas
1398046,"ASSOCIACAO DE PRODUTORES DE MANDIOCA, MILHO E SOJA",MONTEIRO.BH.23@GMAIL.COM,"ESTRADA PARABOLICA, COMUNIDADE ADECON",44 98099837,Associação Privada,Ativas
1398147,CLUBE DA 3A IDADE VIVER BEM DE NOVA LARANJEIRAS,INOVA.CONTABILIDADE@YAHOO.COM.BR,RUA NICANOR TAVARES DOS SANTOS,42 99800702,Associação Privada,Ativas
1398190,IGREJA CRISTO EM NOS,CLEBER2018DORNELES@GMAIL.COM,RUA ENGENHEIRO ARIEL VILLAR TACLA,41 88405765,Organização Religiosa,Ativas
1398213,"GERAR - GERACAO DE EMPREGO, RENDA E APOIO AO DESENVOLVIMENTO REGIONAL",EV@EVCONTABILIDADE.COM.BR,RUA DOS LIRIOS,41 30396599,Associação Privada,Ativas
1398372,AHAND GUAIRA 7 QUEDAS ASSOCIACAO DESPORTIVA DE HANDEBOL DE GUAIRA,AHAND-GUAIRA7QUEDAS@OUTLOOK.COM,RUA JOAO BORDIGNON RIBEIRO,44 91356262,Associação Privada,Ativas
1398434,INSTITUTO SOCIAL EM PROL DO TRANSTORNO DO ESPECTRO AUTISTA - TEAPROXIMA,ROSE.TEAPROXIMA@GMAIL.COM,"ALAMEDA PRESIDENTE TAUNAY, APT   604                 ANDAR 05                  COND  GRAN TORINO ED",41 99053200,Associação Privada,Ativas
1398446,INSTITUICAO INTERNACIONAL DE APOIO FISICO E ENSINO DA DOUTRINA EVANGELICA DA PALAVRA DE DEUS FE FORCA E PODER,CONTATO@ESCRITORIOBETEL.COM.BR,AVENIDA BELO HORIZONTE,44 32288785,Associação Privada,Ativas
1398452,ASSOCIACAO DOS CATADORES DE RECICLAVEIS ESPERANCA DA TIRADENTES - ACRET,ACRET22@GMAIL.COM,RUA DOS PALMENSES,41 99390117,Associação Privada,Ativas
1398275,ADVENTISTA ARCA DA ALIANCA,B3R@B3RCONTABILIDADE.COM.BR,RUA IOLANDA STEVANATO,11 35362766,Organização Religiosa,Ativas
1398310,ASSOCIACAO DOS PROPRIETARIOS DE IMOVEIS HISTORICOS E DE INTERESSE DE PRESERVACAO - APIHIP,BELINI@BELINICONSULTORIA.CNT.BR,"AVENIDA VISCONDE DE GUARAPUAVA, SALA  509                 ANDAR 05                  COND  CASTELO DO BATEL CD BLOCO CYRELLA DOC CASTELO",41 98563842,Associação Privada,Ativas
1398473,AMBB ASSOCIACAO DOS MORADORES BAIRRO BOURBON,NACIONALCONTABILIDADE@HOTMAIL.COM,RUA 4º ALTO DOS ALECRINS,45 35745566,Associação Privada,Ativas
1398928,IGREJA DO EVANGELHO POS-MODERNO COMUNIDADE PROSPERAR,IEPMCOMUNIDADEPROSPERAR@GMAIL.COM,RUA JORNALISTA RENATO MUNIZ RIBAS,11 12621493,Organização Religiosa,Ativas
1399021,"INSTITUTO JOAO DA MATA DE ARTE, CULTURA E RELIGIOSIDADE - TUFICC",LUIZ.BRAGANTE@GMAIL.COM,"RODOVIA ENG. DARCI GOMES DE MORAES, LOTE  ITATIAIA",41 98719041,Associação Privada,Ativas
1398722,"GERAR - GERACAO DE EMPREGO, RENDA E APOIO AO DESENVOLVIMENTO REGIONAL",EV@EVCONTABILIDADE.COM.BR,"RUA GUAIRA, SALA  01",41 30396599,Associação Privada,Ativas
1398881,APRO QUEIJO CURITIBA - ASSOCIACAO DE PRODUTORES DE QUEIJO ARTESANAL DA REGIAO METROPOLITANA DE CURITIBA,CARLAHELENA.CARVALHO@GMAIL.COM,RUA JOAO BORTOLAN,41 97848684,Associação Privada,Ativas
1398618,ASSOCIACAO DE MELIPONICULTORES DE FOZ DO IGUACU,CELSONFERNANDO@GMAIL.COM,RUA MARECHAL DEODORO DA FONSECA,45 99753060,Associação Privada,Ativas
1399067,ASSOCIACAO DE CIRURGIOES DENTISTAS HOMEOPATAS DO BRASIL-ACDHB,ARTENCONTABILIDADE@HOTMAIL.COM,RUA SEBASTIAO BRAGANHOLO,41 84116464,Associação Privada,Ativas
1399162,ASSOCIACAO COMUNITARIA DOS MORADORES DE LIMEIRA,SERGIO.CONTABILIDADE2020@GMAIL.COM,COLONIA LOCALIDADE DE LIMEIRA - ESTRADA PRINCIPAL,42 98034175,Associação Privada,Ativas
1399224,ASSOCIACAO FEIRA DA PARTILHA,SUPORTE@ESCRITURAL.COM.BR,ACESSO OSMAR FREDERICO NAGEL,41 34227038,Associação Privada,Ativas
1399497,"GERAR - GERACAO DE EMPREGO, RENDA E APOIO AO DESENVOLVIMENTO REGIONAL",EV@EVCONTABILIDADE.COM.BR,"RODOVIA BR 277, KM    158",41 30396599,Associação Privada,Ativas
1399241,ASSOCIACAO FLAVIA CRISTINA,ADM@AFC.ORG.BR,AVENIDA SAUL ELKIND 5045 E,43 99741863,Associação Privada,Ativas
1399400,PRIMEIRA IGREJA BATISTA EM CAFELANDIA PARANA,EDIUSONCOSTA@HOTMAIL.COM,RUA ALBERTO TENFEN,45 99322112,Organização Religiosa,Ativas
1399346,ASSOCIACAO RAIO DE LUZ,ALESSANDRA@QUINTOASSESSORIA.COM.BR,RUA DIOGO MUGIATTI,41 33868282,Associação Privada,Ativas
1399629,ASSOCIACAO DE TRIATLETAS DE TOLEDO - TOLEDO TRIATHLON TEAM,GARALUZCONTABILIDADE@GMAIL.COM,AVENIDA NOSSA SENHORA DE FATIMA,45 88182022,Associação Privada,Ativas
1399770,ASSOCIACAO DE AGRICULTORES DA LINHA RIO LONTRA,AARIOLONTRA@GMAIL.COM,ESTRADA PRINCIPAL,46 99184468,Associação Privada,Ativas
1399829,IGREJA PENTECOSTAL NOVA ISRAEL,CMTCONTABILIDADE@OUTLOOK.COM,RUA RIO TAPEROA,44 91047218,Organização Religiosa,Ativas
1399843,BANDA DE PERCUSSAO BLUE ANGELS,CLEVERSONRICK0310@GMAIL.COM,"RUA PAULO CRISTINO DOS SANTOS, ANEXO ESCOLA",42 98147867,Associação Privada,Ativas
1399908,ASSOCIACAO DE AMIGOS DA CHACARA RECANTO FELIZ,EVERALDO.CANEPPELE@HOTMAIL.COM,RUA TAMBAU IMOVEL ALWIN,45 99776433,Associação Privada,Ativas
1400258,ROTARACT CLUB DE MARECHAL CANDIDO RONDON,RCTMARECHAL@GMAIL.COM,RUA PARANA,46 99261004,Associação Privada,Ativas
1400233,ASSOCIACAO DE PROPRIETARIOS E MORADORES DA COMUNIDADE SANTO ANTONIO DA POSSE,BEATRIZGALO@HOTMAIL.COM,"ESTRADA LINHA SANTO ANTONIO DA POSSE, COND  BOM SUCESSO",46 91092929,Associação Privada,Ativas
1400125,IGREJA PENTECOSTAL ALFA E OMEGA,IGREJAPENTECOSTALALFAEOMEGAPGUA@GMAIL.COM,RUA TREZE,41 92148136,Organização Religiosa,Ativas
1399959,IGREJA ASSEMBLEIA DE DEUS VILA ROSE,CONTABILIDADE@ELEVENCONTABILIDADE.COM.BR,RUA LOURIVAL FRANCISCO RIBEIRO,41 97522120,Organização Religiosa,Ativas
1400346,ASSOCIACAO DOS CAVALEIROS E MULANDEIROS DE CAFELANDIA,ASSOCIACAOACMC15@GMAIL.COM,RUA ANTONIO LOURINI,45 98402349,Associação Privada,Ativas
1400372,IGREJA PENTECOSTAL AGUA VIVA MINISTERIO DA ORACAO,PRESBITEROROSINALDO094@GMAIL.COM,RUA XV DE NOVEMBRO,44 91596695,Organização Religiosa,Ativas
1400519,ASSOCIACAO PATOBRANQUENSE DE AUTOMODELISMO SPEEDDUCK,APA.SPEEDDUCK@GMAIL.COM,RUA TIMBIRAS,46 84068317,Associação Privada,Ativas
1400771,ASSOCIACAO DE AGRICULTORES DE AGUAS THERMAIS,CONTSUL.CONTABILIDADE@HOTMAIL.COM,COMUNIDADE DE AGUAS THERMAIS,46 84001246,Associação Privada,Ativas
1400779,IGREJA COMUNIDADE CRISTA PALAVRA DA VIDA,RPETRECHI@GMAIL.COM,"RUA JORGE MILHEN HADDAD, ANEXO 803",43 99058760,Organização Religiosa,Ativas
1400770,ASSOCIACAO DE PISCICULTORES DO IAPO,CONTATO@ESCRITORIORAZERA.COM.BR,RUA ADOLFO GUSTAVO LESNAU,42 98178363,Associação Privada,Ativas
1400831,ASSOCIACAO DOS AGRICULTORES FAMILIARES DO VALE DO JABOTI,MOISESGUARDA@HOTMAIL.COM,ESTRADA LINHA JABUT,46 35632086,Associação Privada,Ativas
1400856,ASSOCIACAO DOS MULADEIROS DE NOVA TEBAS,LOURENCONOVATEBAS@GMAIL.COM,"ESTRADA KM 01, ESTRADA VELHA NOVA TEBAS A CATUPORANGA",42 99556320,Associação Privada,Ativas
1400852,"INSTITUTO DE CIENCIA, TECNOLOGIA DE INOVACAO FAPRO (ICT)",ADM.ETPESCOLA@GMAIL.COM,RUA ENGENHEIROS REBOUCAS,41 33327025,Associação Privada,Ativas
1400874,AGENCIA DE DESENVOLVIMENTO CULTURAL E TURISTICO DA REGIAO ENCONTRO DAS AGUAS E BIOMAS,ENCONTRODASAGUASEBIOMAS@GMAIL.COM,"AVENIDA BRASIL, SALA  2",44 88145799,Associação Privada,Ativas
1400909,PROJETO PATRULHA FELINA,ARIELLESILVERIO26@GMAIL.COM,"RUA CONSTANTINO PIALARISSI, APT   24",43 99328083,Associação Privada,Ativas
1400990,INSTITUTO DE ENSINO E PESQUISA FLK - IEP/FLK,ORGANIZACAO@IFALKE.COM,RUA IDAIR ANTONIA TORRES SIQUEIRA,16 91839395,Associação Privada,Ativas
1401053,ASSOCIACAO ZIA,ASSOCIACAOZIA@GMAIL.COM,AVENIDA MARGINAL JOSE DE ANCHIETA,41 95413646,Associação Privada,Ativas
1401127,ASSOCIACAO MISSAO PROCLAMAR,PRPAULOWEGNER@GMAIL.COM,RUA PROCOPIO FERREIRA MARTINS,41 84030656,Associação Privada,Ativas
1400919,ASSOCIACAO DOS PROFISSIONAIS E PRODUTORES RURAIS DE FLORAI E REGIAO PROFLORA,EXPEDIENTE@G3CONTABIL.COM.BR,RUA DUQUE DE CAXIAS,44 30281428,Associação Privada,Ativas
1401187,ASSOCIACAO DOS TRANSPORTADORES AUTONOMOS DE JARDIM ALEGRE E REGIAO A.T.A.J.A.R.,ATAJAEREGIAO@OUTLOOK.COM,RODOVIA PRT 466,44 97166515,Associação Privada,Ativas
1401238,ASSOCIACAO DOS TRABALHADORES NOVA ESPERANCA,VALDIRMST@HOTMAIL.COM,"ESTRADA PORTO FELICIO, P.A. PONTAL DO TIGRE",44 98094352,Associação Privada,Ativas
1401319,INSTITUTO JAGUARAPIRA,RESERVA.JAGUARAPIRA@GMAIL.COM,RUA ANHANGAVA,41 92144135,Associação Privada,Ativas
1401340,ASSOCIACAO DE GERACAO DISTRIBUIDA PLIN ENERGIA,EMERSON.SEITI@PLATAOENERGIA.COM.BR,AVENIDA PRUDENTE DE MORAIS,44 91398493,Associação Privada,Ativas
1401350,IGREJA EVANGELICA PENTECOSTAL DO ARREBATAMENTO,TIAGOFUNEZ@ESCCONFIANCA.COM.BR,RUA ANTONIO PEDRO VICENTE,45 99368621,Organização Religiosa,Ativas
1401374,ASSOCIACAO OPALEIROS BELTRAO,SCOTTICONTABILIDADE@GMAIL.COM,RUA HUBERTO HOBOLD,46 35451218,Associação Privada,Ativas
1401499,CENTRO MISSIONARIO ANTIOQUIA - CMA,MVALENTEDEDAVI@GMAIL.COM,"ESTRADA DO ESSE, KM    03                  LOTE  150-C",44 99988165,Associação Privada,Ativas
1401561,ASSOCIACAO DE AMIGOS DA BANDA MARCIAL DE UNIAO DA VITORIA - BAMUV,GUINHOFABER17@GMAIL.COM,RUA WASCHINGTON LUIZ PEREIRA DE SOUZA,42 35220227,Associação Privada,Ativas
1401581,CENTRO DE INTEGRACAO EMPRESA-ESCOLA DO PARANA,FAZENDARIOGRANDE@CIEEPR.ORG.BR,"RUA DA LIBERDADE, SALA  01",41 33134343,Associação Privada,Ativas
1401670,ASSOCIACAO LINHA BET,CAMARGO@CONTABILIDADECAMARGO.COM.BR,COMUNIDADE LINHA BET,42 35531379,Associação Privada,Ativas
1401756,COMUNIDADE EVANGELICA NOS SOMOS A IGREJA DE CRISTO,JULIOMARCIOMONTEIRO4@GMAIL.COM,"RUA QUINTINO BOCAIUVA, SALA  03",42 98297218,Organização Religiosa,Ativas
1401613,ARACA PROTECAO VEICULAR,LEGALIZACAO@MGRCONSULTORES.COM.BR,"RUA ANTONIO MEIRELLES SOBRINHO, LOJA  01                  ANDAR TR                  COND  MARUMBI II CD CMRL  BLOCO MARUMBI I CD CMRL",31 30284826,Associação Privada,Ativas
1401762,INSTITUTO CIRCULO,CONTATO@INSTITUTOCIRCULO.COM,RUA SAO MARCELINO CHAMPAGNAT,11 85985555,Associação Privada,Ativas
1402014,INSTITUTO REANIMAR DE EDUCACAO SUSTENTAVEL E DESENVOLVIMENTO AMBIENTAL URBANO,MARCIO.BAGATIN@TREDIBPO.COM.BR,"RUA BOM JESUS, SALA  1904                ANDAR 19                  COND  AR 3000 - CABRAL COR",41 21010100,Associação Privada,Ativas
1401991,ASSOCIACAO DE AGRICULTORES SGARBOSSA E AMIGOS,CONCEITOCONTABILIDADE02@HOTMAIL.COM,ESTRADA LINHA CAMPINA DO COTEGIPE,41 87479938,Associação Privada,Ativas
1402009,IGREJA CELEIRO DE MILAGRE AVIVA,LEGALIZACAO@OFFICIUMCONTABILIDADE.COM.BR,RUA ANTONIO SOARES,45 99211112,Organização Religiosa,Ativas
1402106,COMUNIDADE MAE DE PENTECOSTES,THIAGOGLOP@GMAIL.COM,RODOVIA BR 116 KM 178,41 91717496,Associação Privada,Ativas
1402022,ASSOCIACAO RECANTO PARAISO IV - UNIDADE CEREJEIRA,GESTAO07@PREDIALCONDOMINIOS.COM,"SITIO FLORESTA, LOTE  04 GL.2 FAZ. 3 BOCAS",43 33382055,Associação Privada,Ativas
1402150,ACAB -ASSOCIACAO DOS CAMINHONEIROS AUTONOMOS DE BELA VISTA DO PARAISO,ESCRITORIODUREXDEPTOFISCAL@GMAIL.COM,RUA ROGERIO BODAS,43 99234299,Associação Privada,Ativas
1402370,CONGREGACAO CRISTA NO BRASIL,JONAS@NOSSOESCRITORIO.COM.BR,RUA JOSE BORGES DA COSTA,44 99780558,Organização Religiosa,Ativas
1402304,ASSOCIACAO NATIVA AGRICOLA,CONTATOTEMSOLUCAO@GMAIL.COM,COMUNIDADE LINHA JARARACA,42 33005496,Associação Privada,Ativas
1402376,ASSOCIACAO DOS AGRICULTORES ENTRE LAGOS,AAELAGOS@GMAIL.COM,"COMUNIDADE ASSENTAMENTO CELSO FURTADO, BRCAO 01",46 99306241,Associação Privada,Ativas
1402369,CONGREGACAO CRISTA NO BRASIL,TESOURARIA.PDU@GMAIL.COM,RUA SAO JORGE,44 99780558,Organização Religiosa,Ativas
1402393,CONGREGACAO CRISTA NO BRASIL,JONAS@NOSSOESCRITORIO.COM.BR,RUA ALAMEDA CANAFISTULA,44 32205250,Organização Religiosa,Ativas
1402511,ANG - ASSOCIACAO NOVA GENESIS,SOUZA-SOUZA@HOTMAIL.COM,RUA MANOEL BOTELHO CORDEIRO,44 30561616,Associação Privada,Ativas
1402428,IGREJA LIGHTHOUSE,IGREJALIGHTHOUSE@GMAIL.COM,AVENIDA COMENDADOR FRANCO,41 91052102,Organização Religiosa,Ativas
1402471,CORAL POR AMOR EU CANTO DE ITAPEJARA D OESTE - PR,CONTATOHABILCONTABILIDADE@GMAIL.COM,"RUA PIO XII, PROLONGAMENTO",46 88035464,Associação Privada,Ativas
1402479,ASSOCIACAO FILHOS DE MARIA IMACULADA,LUIS.RETTIG@ANFIP.ORG.BR,RUA CONDE DE MONSAVAZ,42 98860728,Associação Privada,Ativas
1402561,ASSOCIACAO DOS TRABALHADORES RURAIS DA REFORMA AGRARIA - ATERRA,PARANACON@HOTMAIL.COM,"RUA FERREIRA DE ARAUJO, SALA  1",42 99389030,Associação Privada,Ativas
1402625,RETIDAO COMUNIDADE CRISTA,BCJCONTABIL@HOTMAIL.COM,RODOVIA PR-407 RUA ENGENHEIRO ARGUS THA HEYN,41 34232381,Organização Religiosa,Ativas
1402731,CENTRO DE ADORACAO AVANCE KADIMA,CAD2022MINISTERIOALCANCE@GMAIL.COM,RUA CENTENARIO,45 99892941,Organização Religiosa,Ativas
1402748,IGREJA PRESBITERIANA CENTRAL DE SARANDI,PREDWARDLP@GMAIL.COM,RUA GUIAPO,44 30422110,Organização Religiosa,Ativas
1402945,ASSOCIACAO CASA DE APOIO BEBE FELIZ,ESCRITORIOORGATEC@GMAIL.COM,RUA GOVERNADOR NEY BRAGA,44 30553590,Associação Privada,Ativas
1403211,IGREJA CASA DE ORACAO ROMPENDO EM FE,CASADEORACAOROMPENDOEMFE@GMAIL.COM,RUA BOA VIAGEM,45 99374326,Organização Religiosa,Ativas
1402735,ASSOCIACAO PORTAL DO LIMOEIRO II,ASSOCIACAOLIMOEIRO2@GMAIL.COM,ESTRADA DOS PERIQUITOS,43 99035321,Associação Privada,Ativas
1402900,TANGISA-01 - ASSOCIACAO DE CONSUMIDORES DE ENERGIA RENOVAVEL DO BRASIL,CONTABILIDADE@TANGIPAR.COM.BR,"AVENIDA ARACY TANAKA BIAZETTO, SALA  30",45 33068749,Associação Privada,Ativas
1403138,IGREJA EVANGELICA ASSEMBLEIA DE DEUS TIBAGI - PR,PRCICEROTEIXEIRA@GMAIL.COM,RUA PEDRO PITELLA,41 95017303,Organização Religiosa,Ativas
1403245,LIGA INTERMUNICIPAL DE BASQUETEBOL,LIB.TECNICO@GMAIL.COM,"RUA RAIMUNDO NINA RODRIGUES, CASA  02                  COND  CAJURU CJ RES",41 96469641,Associação Privada,Ativas
1367502,FUNDACAO COPEL DE PREVIDENCIA E ASSISTENCIA SOCIAL,CONTABILIDADE@FCOPEL.ORG.BR,AVENIDA RIO BRANCO,41 38836000,Fundação Privada,Ativas
1403415,ASSOCIACAO INSTITUTO SAO PADRE PIO,WELINGTON@ESCRITORIOBRASILMBS.COM.BR,RUA PADRE THEOBALDO BLUME,44 99773535,Associação Privada,Ativas
1403322,ASSOCIACAO SENSIBILIZACAO,ACEO@MURALHACONTABIL.COM.BR,"RUA MARECHAL HERMES DA FONSECA, ANEXO CENTRO MULTIPLO USO",46 32112000,Associação Privada,Ativas
1403474,ASSOCIACAO DE SUPORTE AO EDUCANDO DE PALMEIRA,JHKLAS@UOL.COM.BR,"RUA PADRE FERNANDO GUARDA, SALA  01",42 99657181,Associação Privada,Ativas
1403505,ASSOCIACAO AMIGOS DO CENTRO DA JUVENTUDE  - AACEJU,ACEO@MURALHACONTABIL.COM.BR,RUA SAO CRISTOVAO,46 32112000,Associação Privada,Ativas
1403526,INSTITUTO BIBLICO DE PESQUISA E ENSINO DE ANTONINA-IBPEA,MARCOSSGOIS@GMAIL.COM,RUA RUA DR.DIRCEU VENANCIO,41 85012010,Organização Religiosa,Ativas
1403494,COMITIVA TROPEIROS DO BEM,MARQUINHOCONTABILIDADE@HOTMAIL.COM,RODOVIA BR 158 KM 38,42 84060549,Associação Privada,Ativas
1403570,ASSOCIACAO DOS ADQUIRENTES DO EDIFICIO CANTERBURY- AAEC,SUELLEN@ASSESSORE.COM.BR,RUA JORNALISTA CAIO MACHADO,41 32740770,Associação Privada,Ativas
1403747,RNC ASSOCIACAO DE RADIODIFUSAO COMUNITARIA DE FRANCISCO BELTRAO,ACEO@MURALHACONTABIL.COM.BR,AVENIDA ATTILIO FONTANA,46 99315156,Associação Privada,Ativas
1403573,ONCAS DO BEM,ONCADOBEM@GMAIL.COM,"TRAVESSA SERGIPE, SALA  1",45 35744839,Associação Privada,Ativas
1403581,ASSOCIACAO VOLEIBOL ENTRE AMIGOS PATO BRANCO,VEAPB2017@GMAIL.COM,RUA AFONSO PENA,46 99252420,Associação Privada,Ativas
1403599,ASSOCIACAO ESPORTIVA DE FUTSAL - ITAP FUTSAL,REARISI@HOTMAIL.COM,RUA PRESIDENTE VARGAS,46 99072490,Associação Privada,Ativas
1403889,ASSOCIACAO DE MORADORES E AMIGOS DA VILA 29 DE JANEIRO,DAN.BIRTHS2@GMAIL.COM,RUA EUNICE BETTINI BARTOSZECK,41 84735015,Associação Privada,Ativas
1403702,ASSOCIACAO DE CATADORES DE MATERIAIS RECICLAVEIS CAPIVARI,KAJIWARA1403@GMAIL.COM,ESTRADA PEDRO GILMAR GASPARIN,41 97831663,Associação Privada,Ativas
1403906,CENTRO DE UMBANDA SAGRADA CABOCLA JUREMA,CABOCLAJUREMAUMBANDA7@GMAIL.COM,RUA GUIDO MARZENTA,43 96341839,Associação Privada,Ativas
1404045,ASSOCIACAO DE AGRICULTORES SAO LUCAS,SCOTTICONTABILIDADE@GMAIL.COM,ESTRADA LINHA ALTO BELA VISTA,46 35451218,Associação Privada,Ativas
1404277,REDE NOVA CAIOBA IMOVEIS,VOLARECONTABILIDADE@HOTMAIL.COM,RUA GUARAPUAVA - (MATINHOS A CAIOBA),41 34739069,Associação Privada,Ativas
1404088,ASSOCIACAO COMUNITARIA E CULTURAL RADIO ENERGIA DE BELTRAO - ACCREB,SUDOESTECONTABILIDADE@HOTMAIL.COM,RUA ITAPEJARA D OESTE,46 35241962,Associação Privada,Ativas
1404235,INSTITUTO RELIGARE VINICIOS DE CONTI,VINICIOSSJP@YAHOO.COM.BR,"RUA PADRE ANTONIO DARIUS, APT   401                 BLOCO 10",41 96480805,Organização Religiosa,Ativas
1404309,"ASSOCIACAO CULTURAL, ESPORTIVA E SOCIAL DA ARTE CAPOEIRA",PROFESSOR.QUILOMBO@GMAIL.COM,RUA RIO TOCANTINS,44 99495409,Associação Privada,Ativas
1404282,ATRSP - ASSOCIACAO DE TRANSPORTES RODOVIARIOS DO SUDOESTE DO PARANA,TG@TIAGOGHIZZI.COM.BR,"RUA TELMO OCTAVIO MULLER, ANEXO SALA 01",46 35252819,Associação Privada,Ativas
1404332,ASSOCIACAO DA AGRICULTURA FAMILIAR DA LINHA FERRARI E FLOR DA CUNHA,CONTEC.CTB@GMAIL.COM,SITIO LINHA FERRARI,45 32352019,Associação Privada,Ativas
1404354,ASSOCIACAO DOS PROPRIETARIOS E PROMITENTES COMPRADORES DO CONDOMINIO GOLDEN FOREST,CARLOSVERCESI7@GMAIL.COM,"AVENIDA PRUDENTE DE MORAIS, SALA  10",44 98561112,Associação Privada,Ativas
1404878,COMUNIDADE EVANGELICA ALEGRAI-VOS CHURCH,FIEB.ADM2021@GMAIL.COM,RUA TRES PINHEIROS,41 30790535,Organização Religiosa,Ativas
1404844,ROTARY CLUB DE PATO BRANCO INOVACAO,CONTATO@GRUPOFORTECONTABILIDADE.COM.BR,RUA JOAO ALVES DE MEDEIROS,46 26040034,Associação Privada,Ativas
1404900,PROJETO SOCIAL TOMEYA SASAHARA,ADVCMEDEIROS@GMAIL.COM,RUA PORTO ALEGRE,44 84013886,Associação Privada,Ativas
1404968,CENTRO DE RECUPERACAO TERAPEUTICO REVIVER,FERNANDAKATSCHOR@GMAIL.COM,"COLONIA LINHA ORTIGARA, KM    7",42 99291763,Associação Privada,Ativas
1404418,ASSOCIACAO RIONEGRENSE DE CATADORES,ALFA@ALFACONT.COM.BR,RUA MARKUS ANTON JOSEF FENDEL,47 36420952,Associação Privada,Ativas
1405055,ASSOCIACAO BRASILEIRA DOS COREANOS DE CURITIBA - ABCC,MJ_BRASIL@HOTMAIL.COM,"RUA EMILIANO PERNETA, CONJ  906                 ANDAR 09                  COND  CENTRO POLICLINICO M",41 23910982,Associação Privada,Ativas
1405104,GRUPO ESCOTEIRO LUTERANO HARPIA,ADAOJMEIRA2015@GMAIL.COM,"RUA AMERICO VESPUCIO, FUNDOS.",45 32541802,Associação Privada,Ativas
1405123,PROJETO SOCIAL JUNINHO PIT BULL,BCJCONTABIL@HOTMAIL.COM,RUA CIDADE DO MEXICO,41 34232381,Associação Privada,Ativas
1405289,ECOVILLE ASSOCIACAO DE CHACARAS,PARANHOS.CASCAVEL@GMAIL.COM,"RODOVIA PR-180, KM    4 DA BR 277",45 99883377,Associação Privada,Ativas
1405344,IGREJA PENTECOSTAL CASA DE ORACAO EMANUEL,IP.DEUSOGRANDEEUSOU@GMAIL.COM,AVENIDA MARIPA,45 20009695,Organização Religiosa,Ativas
1405387,INSTITUTO AMAGROUP,FERNANDO.BARRIONUEVO@PEREIRAGIONEDIS.COM.BR,"AVENIDA ANITA GARIBALDI, CONJ  607                 ANDAR 6                   COND  INFINITY PRIME OFFICBLOCO TORRE 01 A ROYAL",41 91863443,Associação Privada,Ativas
1405409,ASSOCIACAO PRO-CONSTRUCAO DO EDIFICIO BATEL CORPORATE,FINANCEIRO@INVESCON.COM.BR,"RUA GENERAL MARIO TOURINHO, SALA  1601                ANDAR 16                  COND  BARIGUI BUSINESS CEN",41 30869300,Associação Privada,Ativas
1405568,ASSOCIACAO DE MORADORES DE SAO VICENTE,CONTAC@INNET.COM.BR,SITIO LINHA SAO VICENTE,45 99251865,Associação Privada,Ativas
1405550,IGREJA ASSEMBLEIA DE DEUS DUAS ALIANCAS,EDSONMACHADO3124@GMAIL.COM,RUA MANOEL CAILLET DE SOUZA,41 98428031,Organização Religiosa,Ativas
1405592,CONSELHO DE PASTORES E LIDERES EVANGELICOS DE CAMBE,CONTATO@ERCONDIGITAL.COM.BR,"RUA ANTONINA, SALA  1",43 98374100,Organização Religiosa,Ativas
1405572,MITRA DIOCESANA DE UMUARAMA,PAROQUIASTOEXPEDITOUMU@GMAIL.COM,"AVENIDA JUNQUEIRA FREIRE, QUADRA02                  LOTE  05",44 20304144,Organização Religiosa,Ativas
1405709,SOCIEDADE FILANTROPICA SEMEAR DE MEDIANEIRA - PR,SEMEAR@SEMEARMEDIANEIRA.ORG.BR,AVENIDA IGUACU,45 32640058,Associação Privada,Ativas
1405730,ASSOCIACAO BOUGAINVILLE RESIDENCE & RESORT,CONTATO@GESTAOALPHA.COM.BR,RUA ALAMEDA VELEIROS,44 36372967,Associação Privada,Ativas
1405939,IGREJA PENTECOSTAL IV HOMEM - IPIVH,ALCINEIACARNEIRO6@GMAIL.COM,"AREA RURAL, CASA  DISTRITO DE SOCAVAO",42 98231850,Organização Religiosa,Ativas
1405868,ASSOCIACAO SPIN,MARCOMATTA3169@GMAIL.COM,"RUA ITUPAVA, COND  NAO INFORMADO",41 88090541,Associação Privada,Ativas
1405756,CASA DE ORACAO CELESTIAL,IGREJACESTIAL4@GMAIL.COM,"RUA CANASVIEIRAS, BLOCO 03                  APT   101",45 98468836,Organização Religiosa,Ativas
1406005,MINISTERIO ACREDITO,ESCRITORIOCANAA.UMUARAMA@GMAIL.COM,AVENIDA LIBERDADE,44 98732267,Organização Religiosa,Ativas
1406040,ASSOCIACAO AGUAS DE FAXINAL DO SALTINHO,ATENDIMENTO_GSB@HOTMAIL.COM,DISTRITO FAXINAL DO SALTINHO,42 36233464,Associação Privada,Ativas
1406305,ASSEMBLEIA DE DEUS MISSOES ADM,CONTATO@ESCRITORIOVALORCONTABIL.COM.BR,AVENIDA CASTELO BRANCO,43 99216817,Organização Religiosa,Ativas
1406302,ASFENORTE - ASSOCIACAO DOS TRABALHADORES NA FEIRA DO PASTEL DE CIANORTE,FISCALCONTABILLIDER@GMAIL.COM,RUA JOAQUIM ANTONIO DO NASCIMENTO,44 30183597,Associação Privada,Ativas
1406177,INSTITUTO DE ENSINO MAE DA DIVINA GRACA,SECRETARIA@INSTITUTOMAEDADIVINAGRACA.COM.BR,RUA CIRO BOLIVAR ARAUJO MOREIRA,43 31423378,Associação Privada,Ativas
1406139,CAPIVARA CLUB PONTA GROSSA - PR,XXXX@XXX.COM.BR,RUA VISCONDE DE PORTO ALEGRE,42 99000000,Associação Privada,Ativas
1406311,A TAREFA,SECRETARIA@ELSHADAICONTABIL.COM.BR,RUA AMAZONAS DE SOUZA AZEVEDO,41 97681110,Organização Religiosa,Ativas
1406337,ASSOCIACAO UNIAO RECREATIVA DOS PRODUTORES RURAIS DE SAMAMBAIAL UM DE CANDOI-PR,ALAERTESRMSAMAMBAIALI@HOTMAIL.COM,COMUNIDADE LOCALIDADE DE SAMAMBAIAL UM,42 98692240,Associação Privada,Ativas
1406357,IGREJA PRESBITERIANA RENOVADA DE FLORESTA,JMCONTABILIDADE2@YAHOO.COM.BR,RUA RIO BRANCO,44 32361422,Organização Religiosa,Ativas
1406425,ASSOCIACAO DOS MORADORES SAO ROQUE DE SERRANOPOLIS DO IGUACU,NAOTEMEMAIL@HOTMAIL.COM,COMUNIDADE SAO ROQUE,45 32361009,Associação Privada,Ativas
1406418,ASSOCIACAO CORAL RENASCER,CLARIRABERATZ@HOTMAIL.COM,"RUA PREFEITO GRAEFF, SALA  3",46 99126371,Associação Privada,Ativas
1406427,ASSOCIACAO DE PESCADORES DO IATE CLUBE DE GUARATUBA,APICLUBE@GMAIL.COM,RUA NOSSA SENHORA DO ROCIO,41 96117333,Associação Privada,Ativas
1406470,ASSOCIACAO ATLETICA DOS ACADEMICOS RENEGADOS,RENEGADOSATLETICA@GMAIL.COM,VIA ROSALINA MARIA DOS SANTOS,67 98359591,Associação Privada,Ativas
1406391,ACAO DO BEM CURITIBA,EQUIPE@RARMCONTABILIDADE.COM.BR,"RUA WALDEMAR KOST, CASA  30                  COND  NAO INFORMADO       BLOCO WALDEMAR KOST",41 35421827,Associação Privada,Ativas
1406447,ASSOCIACAO TRABALHO NAS RUAS CURITIBA,MIRIANAIRIA@OUTLOOK.COM,AVENIDA PRESIDENTE AFFONSO CAMARGO,41 97931840,Associação Privada,Ativas
1406701,ASSOCIACAO ARTISTICA E CULTURAL MULE'K,JBELEDELI@AOINTL.COM,AVENIDA MANOEL RIBAS,42 91289240,Associação Privada,Ativas
1406590,ASSOCIACAO EDUCACIONAL TESOURO DOS PAIS,ESCOLAFAMILIAMARTIN@GMAIL.COM,RUA GRALHA AZUL,41 87171673,Associação Privada,Ativas
1406755,INSTITUTO AYAHUASCA ONCA PINTADA,MEDITACOESCOLORIDAS@GMAIL.COM,"RUA CIPRESTE, APT   402                 BLOCO 30",47 97735363,Organização Religiosa,Ativas
1406807,ASSOCIACAO CULTURAL CANUTILHO TEMPERADO,CONTBRN@GMAIL.COM,RUA DOS GANSOS,41 98168808,Associação Privada,Ativas
1407021,ASSOCIACAO BASQUETE CAPANEMA - ABASCAP,ABASCAPANEMA@GMAIL.COM,RUA PERNAMBUCO,46 99089381,Associação Privada,Ativas
1406845,ASSOCIACAO BICHO AMIGO PITANGA PARANA,LELAGRANDEC@GMAIL.COM,"AVENIDA BRASIL, SALA  01",42 99564404,Associação Privada,Ativas
1407003,ASSOCIACAO DOS PRODUTORES DE HORTIFRUTIGRANJEIROS E PISCICULTURA PRIMAVERA DE RIBEIRAO DO PINHAL,DANIEL_GOLFIERI_13@HOTMAIL.COM,RUA PROFESSORA LEA BRANDAO DOS SANTOS,43 99127086,Associação Privada,Ativas
1407053,ASSOCIACAO CIVIL MONITOR AMBIENTAL ANTIRRUIDOS,MONITORAMBIENTALANTIRRUIDOS@GMAIL.COM,"RUA NATAL CECONE, CONJ  502                 ANDAR 05                  COND  TERRASSE LE MONDE ED",41 32854312,Associação Privada,Ativas
1407587,ASSOCIACAO COMUNITARIA TAQUARENSE DO BAIRRO TAQUARA LISA DE AGUDOS DO SUL -  PR,TAQUARALISAASSOCIACAO@GMAIL.COM,ESTRADA TAQUARA LISA PARA AGUDOS,41 91862442,Associação Privada,Ativas
1407465,FENIX GYM ASSOCIACAO DE GINASTICA RITMICA,FENIXGINASTICA@GMAIL.COM,RUA PIONEIRO GENIR GALLI,44 99753637,Associação Privada,Ativas
1407519,ASSOCIACAO RECREATIVO LAGOA DA PRATA,GESTAO07@PREDIALCONDOMINIOS.COM,ESTRADA PAIQUERE CORONEL SANTOS,43 33382055,Associação Privada,Ativas
1407639,ASSOCIACAO MAIS PELO PROXIMO,CLAUDIO_PEDROLUCAS@HOTMAIL.COM,"AVENIDA PARANA, SALA  02",44 99700007,Associação Privada,Ativas
1407611,ROTARY CLUB DE CATANDUVAS PARANA,CONTEC.CTB@GMAIL.COM,AVENIDA DOS PIONEIROS,45 32341434,Associação Privada,Ativas
1407614,IGREJA EVANGELICA NOVA VIDA EM CRISTO - MINISTERIO VOANDO ALTO VIVENDO UM COMPROMISSO COM DEUS,ESCRITORIOCONTABILBRASIL@YAHOO.COM.BR,RUA CRISTIANO KUSSMAUL,43 96058167,Organização Religiosa,Ativas
1407649,ASSOCIACAO COMUNITARIA ESTACAO NORTE,ESTACAONORTEWEB@GMAIL.COM,"TRAVESSA PAULINO A DA SILVA, SALA  01                  QUADRA59FB                LOTE  7A5",46 84007322,Associação Privada,Ativas
1407662,CONGREGACAO CRISTA NO BRASIL,CCBPTU@IBEST.COM.BR,"RUA LAZARA CANDIDA DOS REIS, LOTE  21 A                QUADRA07",43 33252334,Organização Religiosa,Ativas
1441879,SCUDERIA GG,PROCESSO@HEBROMCONTABILIDADE.COM,RUA ATTILIO PEDAO,12 33089116,Associação Privada,Ativas
1407951,TERREIRO DE UMBANDA PRETOS VELHOS DE ARUANDA,CONTATO.VELOZCONTABIL@GMAIL.COM,"AVENIDA DUQUE DE CAXIAS, QUADRA0401PLANTA02        LOTE  021RZONA031",41 98163526,Organização Religiosa,Ativas
1407827,ASSOCIACAO DA BRIGADA DOS DUZENTOS DO ASSENTAMENTO MILTON SANTOS,TIAGOANTUNESRODRIGUEZ@GMAIL.COM,"SITIO RECANTO DAS AGUAS, ASSENTAMENTO MILTON SANTOS, LOTE  86",44 97191368,Associação Privada,Ativas
1407717,IGREJA PRESBITERIANA RENOVADA DE SAO JOAO DO IVAI,LUZENRIQUEFONSECA@GMAIL.COM,RUA AMINTAS DE BARROS,44 99183913,Organização Religiosa,Ativas
1407772,IGREJA EVANGELICA AVIVAMENTO BIBLICO EM SERTANEJA,PASTORPEDROSANTOS@HOTMAIL.COM,RUA PARIGOT DE SOUZA,43 91228664,Organização Religiosa,Ativas
1407966,ASSOCIACAO CAMPEIRA DO CTG ESTANCIA COLORADA,ATENDIMENTO@CONTASSECONTABILIDADE.COM.BR,RUA RIO GRANDE DO NORTE,45 99134546,Associação Privada,Ativas
1407987,ASSOCIACAO DOS PRODUTORES DE CACHACA DE JANDAIA DO SUL,RAQUELBONICONTRO@HOTMAIL.COM,"RUA LEOPOLDINA DA SILVA MORETTI, LETRA A",44 99746951,Associação Privada,Ativas
1408024,ASSOCIACAO CIDADE PARA TODOS,BATUQUEFORMIGA@GMAIL.COM,"RUA PROFESSOR FERNANDO MOREIRA, APT   92                  ANDAR 09                  COND  ITALIA ED",41 98948235,Associação Privada,Ativas
1408107,ASSOCIACAO MOTO CLUBE PAPA TRILHA DE GENERAL CARNEIRO,ESCCAMPOS@UOL.COM.BR,RUA ADILINA MARACHIN BOTTEGA,42 99755141,Associação Privada,Ativas
1408126,ASSOCIACAO ATLETICA IV DE MARCO,ATLETICAIVDEMARCO@GMAIL.COM,ALAMEDA FELDSPATO,45 98388116,Associação Privada,Ativas
1408254,ASSOCIACAO INZANDO,GUSTAVOPELOI@OUTLOOK.COM,"RUA SALGADO FILHO, SALA  01",44 98061902,Associação Privada,Ativas
1408160,ASSOCIACAO ESPORTIVA MARCAS BRASIL RACING - AEMBRA,PARALEGAL@BWACONSULTORIA.COM.BR,RUA CASCAVEL,45 32222112,Associação Privada,Ativas
1408267,ASSOCIACAO DO TURISMO DE MATELANDIA - ATMATE,ITATIBAFISCAL1@HOTMAIL.COM,RUA PRESIDENTE VARGAS,45 32621691,Associação Privada,Ativas
1408346,COMUNIDADE EVANGELICA DEUS VIVO MINISTERIO DE TERRA BOA,RODRIGO_COTEC@HOTMAIL.COM,RUA PRESIDENTE KENNEDY,44 99703069,Organização Religiosa,Ativas
1408431,IGREJA CRISTA TRINITY,TECHBYTRINITY@GMAIL.COM,RUA GENERAL ARISTIDES ATHAYDE JUNIOR,41 99701101,Organização Religiosa,Ativas
1408560,IGREJA RENOVACAO VIDA E VERDADE,JHONATAN_@LIVE.CO.UK,RUA RUI BARBOSA,43 96278044,Organização Religiosa,Ativas
1408599,ASSOCIACAO DE MORADORES DO CONDOMINIO RURAL POR DO SOL,FAGNERADV@HOTMAIL.COM,"DISTRITO DE CACHOEIRA, ANEXO FAZENDA DOS ALVES",42 91283865,Associação Privada,Ativas
1408639,IGREJA UNIVERSAL DO REINO DE DEUS,ATAS@SP.UNIVERSAL.ORG,AVENIDA ANITA GARIBALDI,11 23926734,Organização Religiosa,Ativas
1408679,ASSOCIACAO DOS MORADORES DO PARTENOPE E JARDIM FLORESTAL,FEMOCLAM@GMAIL.COM,RUA FRANCISCO ANTUNES ZANIN,41 96813517,Associação Privada,Ativas
1408625,ASSOCIACAO DE PEQUENOS AGRICULTORES FAMILIARES PRODUTORES DE LEITE DA COMUNIDADE DO ALTO FLORIDO SANTO ANTONIO DO SUDOESTE PR,PAZEVANDROCONTABILIDADE@GMAIL.COM,COMUNIDADE ALTO FLORIDO,46 99080065,Associação Privada,Ativas
1408635,ASSOCIACAO DE BASQUETE DE PALMAS/PR,ABPALMENSE@GMAIL.COM,RUA MARECHAL FLORIANO PEIXOTO,46 88253733,Associação Privada,Ativas
1408700,ASSOCIACAO BRASILIEIRA DE HARMONIZACAO DERMATOFUNCIONAL,ABHDF.OFICIAL@GMAIL.COM,RUA PROFESSORA JULIA CARNEIRO ROSAS,42 91410850,Associação Privada,Ativas
1408786,ASSOCIACAO DE MORADORES E CONSUMIDORES DE AGUA DA LINHA SILVA JARDIM,ITATIBAFISCAL1@HOTMAIL.COM,ESTRADA LINHA SILVA JARDIM,45 99175225,Associação Privada,Ativas
1408821,MINISTERIO DOXA GLOBAL CHURCH,DOXAGLOBALCHURCH@GMAIL.COM,AVENIDA JOSE MARIA DE BRITO/VL PEROLA/JD CENTRAL E DAS NACOES,45 91152423,Organização Religiosa,Ativas
1408830,ASSOCIACAO DOS CONSELHEIROS TUTELARES E EX DO ESTADO DO PARANA - ACTEEP,THIAGOESCRITORIOCENTRAL@GMAIL.COM,AVENIDA DOS ESTADOS,45 99157773,Associação Privada,Ativas
1409029,ASSOCIACAO CULTURAL INSTITUTO OSWALDO GESSULLI,LUMA@GESSULLI.COM.BR,"RUA CASTRO ALVES, SALA  B",11 40131277,Associação Privada,Ativas
1409002,ORION AEROSPACE DESIGN,CONTATO@INUPCONTABIL.COM.BR,RUA DOUTOR WASHINGTON SUBTIL CHUEIRE,32 30250102,Associação Privada,Ativas
1408827,"ASSOCIACAO NACIONAL DE CONCILIACAO, MEDIACAO E ARBITRAGEM",GILDATE.DIAS@GMAIL.COM,"RUA PALMIRA EDLING DOS SANTOS, CASA  01                  SALA  03/05",42 99002388,Associação Privada,Ativas
1409048,"ASSOCIACAO BENEFICENTE, SOCIAL, EDUCACIONAL E CULTURAL APRISCO",ASSOCIACAOAPRISCO@GMAIL.COM,RUA DUQUE DE CAXIAS,49 36431510,Associação Privada,Ativas
1409188,ASSOCIACAO DOS MORADORES LINHA CARLOTA DO MUNICIPIO DE QUEDAS DO IGUACU - PARANA,MCQICONTABIL@GMAIL.COM,NUCLEO RURAL LINHA CARLOTA,46 88333644,Associação Privada,Ativas
1409217,ASSOCIACAO AMIGOS DA VILA SALETE,CONCEITOCONTABILIDADE02@HOTMAIL.COM,VILA VILA SALETE,46 91298155,Associação Privada,Ativas
1409284,ASSOCIACAO AGUA DA PRATA,CONTATO@NORTHASSESSORIA.COM.BR,RUA JOAO FERNANDES,43 96143655,Associação Privada,Ativas
1409335,COMUNIDADE CRISTA AGAPE,PRJOSESIMPLICIONETO@GMAIL.COM,AVENIDA ALVARO NATEL DE CAMARGO,42 84355842,Organização Religiosa,Ativas
1409463,INSTITUTO JOSE ROBERTO,INSTITUTOJOSEROBERTO@OUTLOOK.COM,RUA JOAO BETTEGA,41 30425748,Associação Privada,Ativas
1409488,ASSOCIACAO ALBERTO ROTH,OJOAOCARLOS@HOTMAIL.COM,RUA REI DAVI,42 96591711,Associação Privada,Ativas
1409513,INSTITUTO TABERDAVI,INSTITUTOTABERDAVI@OUTLOOK.COM,RUA JOAO BETTEGA,41 87761050,Associação Privada,Ativas
1409564,IGREJA LUZ PARA OS POVOS - MINISTERIO APOSTOLICO DE CURITIBA - PR.,BISPO.GUILHERMEREIS@GMAIL.COM,"AVENIDA MONTEIRO TOURINHO, LOJA  02                  ANDAR 01                  COND  NAO INFORMADO       BLOCO BELA VISTA DA GRACIO",41 96026907,Organização Religiosa,Ativas
1409639,ASSOCIACAO NOVA ERA ORGANICOS BRASIL,VALTERDINIZ.CONTADOR@GMAIL.COM,RUA ALBERTO SILVA COSTA,43 96050959,Associação Privada,Ativas
1409687,PROJETO 100 VEZES MAIS,CEMVEZESMAIS2022@GMAIL.COM,AVENIDA MARGINAL JOSE DE ANCHIETA,41 98089060,Associação Privada,Ativas
1409946,ASSOCIACAO DOS PRODUTORES E AGRICULTORES FAMILIARES DE IVAIPORA,ESCRITORIOGMSCONTABIL@GMAIL.COM,RODOVIA CELSO FUMIO MAKITA,43 34761277,Associação Privada,Ativas
1409753,ASSOCIACAO DO MOTO CLUBE PATRIOTAS DE ACO,PATRIOTASDEACOMC@HOTMAIL.COM,RUA ERNESTO SIANE,44 99115933,Associação Privada,Ativas
1409860,THERION,EMPRESATHERION@GMAIL.COM,RUA MARCILIO DIAS,14 96196738,Associação Privada,Ativas
1409983,ASSOCIACAO CRISTO NOSSO ALVO,CONTABILFOZ9@GMAIL.COM,RUA JOSE VALDEMAR BARON,41 99662101,Associação Privada,Ativas
1410065,LD ALLIANCE ASSOCIACAO,FABIORICARDOPERDIGAO@GMAIL.COM,AVENIDA MARINGA,43 99115589,Associação Privada,Ativas
1409980,INSTITUTO ATITUDE SOLIDARIA,CONTATO@OMNY7.COM.BR,RUA DUQUE DE CAXIAS,44 32453047,Associação Privada,Ativas
1410218,IGREJA PENTECOSTAL PRONTO SOCORRO DE JESUS MUNDIAL,CONTATO@ACASADOEMPRESARIO.COM,AVENIDA JOAO GOMES REDONDO,44 32267786,Organização Religiosa,Ativas
1410375,PEDRA ANGULAR COMUNIDADE EVANGELICA,FERRARI.WFS@HOTMAIL.COM,AVENIDA JAIME CANET,44 99976784,Organização Religiosa,Ativas
1410386,ASSOCIACAO DE RESGATE AOS VALORES INTERPESSOAIS E VALORES AMBIENTAIS - AR VIVA,ARVIVA1111@GMAIL.COM,RUA ALFREDO BORGES MONTEIRO,43 96491630,Associação Privada,Ativas
1410543,ASSOCIACAO DOS MORADORES E EMPRESAS DO NEOVILLE - AME NEOVILLE,ATENDIMENTO@AMENEOVILLE.COM.BR,"RUA VOLUNTARIOS DA PATRIA, CONJ  11                  ANDAR 1                   COND  JAIME CANET ED",41 91436576,Associação Privada,Ativas
1410408,INSTITUTO SORELLA,NASCIMENTODEBORA898@GMAIL.COM,RUA ARLINDO VERGILIO PEREIRA,41 95812759,Associação Privada,Ativas
1410599,CONGREGACAO CRISTA NO BRASIL,DANIEL.CICERO@CONGREGACAO.ORG.BR,RUA SEZINANDO TEIXEIRA OLIVEIRA,41 33292100,Organização Religiosa,Ativas
1410575,ASSOCIACAO BRASILEIRA DE VENDAS INDIRETAS DE TECNOLOGIA - ABRAVIT,CONTATO@ABRAVIT.COM.BR,"RUA MONSENHOR CELSO, CONJ  801/                ANDAR 08                  COND  BANCO NACIONAL DO CO",41 98396033,Associação Privada,Ativas
1410608,CONGREGACAO CRISTA NO BRASIL,DANIEL.CICERO@CONGREGACAO.ORG.BR,RUA ARY ROLIM COSTA,41 33292100,Organização Religiosa,Ativas
1410654,ESCOLA DE MONTARIAS EM TOUROS DO NEGO - EMTN,ESCOLAEMTN@GMAIL.COM,AVENIDA MARCIONILIO PEREIRA DOS SANTOS,44 91212331,Associação Privada,Ativas
1410742,ASSOCIACAO PARANAENSE DE EMPRESAS DE ARQUITETURA E DECORACAO - GRUPO SOMMA,PARALEGAL@CANADACONTABIL.COM,"RUA PERNAMBUCO, SALA  1508",43 33267678,Associação Privada,Ativas
1410614,ORGANIZACAO RELIGIOSA VIDA CHURCH,VIDACHURCHBRASIL@HOTMAIL.COM,"RUA GENERAL OSORIO, APT   22",43 98428022,Organização Religiosa,Ativas
1410771,ASSOCIACAO DA COMUNIDADE CRISTA ZOE DE VIRMOND,TESOURARIA@CCZOE.COM.BR,AVENIDA ALVORADA,42 99105090,Organização Religiosa,Ativas
1410843,INSTITUTO LUMENS DE MEDICINA E EDUCACAO,ADMINISTRATIVO@INSTITUTOLUMENS.COM.BR,"AVENIDA MARINGA, SALA  C                   ANDAR 3",43 30290404,Associação Privada,Ativas
1411025,IGREJA BATISTA RENOVADA - JARDIM NACIONAL,IBRJARDIMNACIONAL@GMAIL.COM,AVENIDA NACIONAL,45 99239009,Organização Religiosa,Ativas
1411078,ASSOCIACAO BENEFICENTE DE RESGATE DA DIGNIDADE HUMANA AMAR FAZ O BEM,ASSOCIACAOAMARFAZOBEM@GMAIL.COM,RUA JACARANDA,41 85337063,Associação Privada,Ativas
1411267,IGREJA MINISTERIO TRANSBORDAR,CONTABIL@KADES.CNT.BR,"RUA ARMANDO BALAROTTI, LOJA  06                  COND  COMERCIAL BELLO MALL",43 33222443,Organização Religiosa,Ativas
1411430,DIRETORIO ACADEMICO DE LETRAS DA UNIVERSIDADE TECNOLOGICA FEDERAL DO PARANA - CAMPUS CURITIBA,DALET.CT.UTFPR@GMAIL.COM,AVENIDA SETE DE SETEMBRO,41 91010783,Associação Privada,Ativas
1411446,ASSOCIACAO CASA FRATERNA RENASCIDO LUZ,DIEGO@DSOLUCOESFISCAIS.COM.BR,AVENIDA HERVAL,44 91826202,Associação Privada,Ativas
1411264,COMUNIDADE EVANGELICA DEUS VIVO DE CURITIBA,CONTABILIDADE@FABIANODOSSANTOS.COM.BR,RUA BOM JESUS DE IGUAPE,41 96237184,Organização Religiosa,Ativas
1411464,ILE ASE OGUM WARI E OSUN OPARA,ILEOGUMWARI@GMAIL.COM,RUA ALVARO MIRANDA,44 91830445,Organização Religiosa,Ativas
1411510,II IGREJA BATISTA INDEPENDENTE DE TOLEDO,VIL.WEISS@HOTMAIL.COM,RUA CERRO LARGO,45 98188030,Organização Religiosa,Ativas
1411560,ROTARY CLUB DE MARINGA CATUAI,CONTATO@ESCRITORIOSANTANA.COM,AVENIDA CERRO AZUL,44 91853769,Associação Privada,Ativas
1411835,UNIDOS PELO AMOR,LINDOMAR_MACHADO@HOTMAIL.COM,"RUA SILVIA LETICIA BALESTRIN, LOTE  02                  QUADRA2026",46 99803033,Associação Privada,Ativas
1411737,MOSTEIRO PRECIOSISSIMO SANGUE,PRECSANGUEDECRISTO@OCAMINHO.ORG,"RODOVIA PR 218 - KM 8, 600 M - ESTRADA RURAL",43 35258740,Organização Religiosa,Ativas
1411730,IGREJA PENTECOSTAL UNIDOS PELA FE,ANTONIOJACINTO@HOTMAIL.COM,AVENIDA DAS TORRES,45 91251112,Organização Religiosa,Ativas
1411996,ASSOCIACAO DOS AVICULTORES TRES FRONTEIRAS PR/SP/MS - AATF,AATF.DTE2023@GMAIL.COM,CHACARA SAO GABRIEL,18 96553443,Associação Privada,Ativas
1411889,INSTITUTO SAMUEL CAETANO APOIO PSICOSSOCIAL E VALORIZACAO DA VIDA,INSTITUTOSAMUELCAETANO@GMAIL.COM,RUA CARLOTA STRAUBE DE ARAUJO,41 87958341,Associação Privada,Ativas
1411997,ASSOCIACAO DA COMUNIDADE COLONIA AUGUSTA VITORIA,DORIVALLOPES01@GMAIL.COM,ESTRADA VELHA KM 12,42 88063155,Associação Privada,Ativas
1412105,SOLIDARIOS FUTEBOL CLUBE,MWCONTABILIDADE2020@GMAIL.COM,"RUA CLEMENTE ITSYO HORIKOSHI, APT   APTO 104 - BL 14",41 30278051,Associação Privada,Ativas
1412206,ASSOCIACAO GALO MARINGA,ASSOCIACAOGALOMARINGA@GMAIL.COM,AVENIDA DOUTOR ALEXANDRE RASGULAEFF,44 99329343,Associação Privada,Ativas
1412520,ASSOCIACAO PARANAENSE DE CRIADORES DE OVINOS TEXEL PARANA TEXEL,JORGESZCZYPIOR162@GMAIL.COM,"AVENIDA MARECHAL FLORIANO PEIXOTO, CONJ  209/                ANDAR 02                  COND  BANTIBA ED",41 99849225,Associação Privada,Ativas
1412172,ASSOCIACAO DE MORADORES DA VILA RURAL DAS ROSAS,AMVRROSAS@GMAIL.COM,"ESTRADA DA SECCAO PEROBA, GALPAOSALAO COMUNITARIO",43 84242163,Associação Privada,Ativas
1412299,INSTITUTO PRESBITERIANO DE EDUCACAO - IPE,AGNESRESERVAPR@GMAIL.COM,RUA GENEROSO MARQUES,42 99179479,Associação Privada,Ativas
1412209,INSTITUTO SUEL ABUJAMRA,INSTITUTOSUEL@INSTITUTOSUEL.ORG.BR,"AVENIDA DOUTOR GASTAO VIDIGAL, PAVMTO2                   SALA  02                  SETOR 67",11 33856014,Associação Privada,Ativas
1412240,ASSOCIACAO COMUNITARIA JOAQUIM NABUCO,ZANIOLOEGERRAS@GMAIL.COM,ESTRADA PRINCIPAL MUNICIPAL,45 99453448,Associação Privada,Ativas
1412548,SILVER CAR PROTECAO VEICULAR,CONTATO@SILVERCARPROTECAO.COM.BR,"AVENIDA NILDO RIBEIRO DA ROCHA,ARQUITETO, SALA  103",44 31421772,Associação Privada,Ativas
1412752,ASSOCIACAO DOS CONDOMINOS DO RESIDENCIAL BELLA MORATTA,FLAVIOCONTADOR79@GMAIL.COM,RUA AZEVEDO PORTUGAL,42 33044404,Associação Privada,Ativas
1413507,CANDEIAS ESPORTE LAZER E RECREACAO,CONTABILIDADE@CLUBECANDEIAS.COM,"RUA MARECHAL DEODORO, CONJ  0051                COND  IMPERIO ED",47 35152400,Associação Privada,Ativas
1412813,SOCIEDADE CIVIL REGINA PACIS,JESSYFAVERI@HOTMAIL.COM,RUA MATO GROSSO,45 32641288,Associação Privada,Ativas
1413536,SOCIEDADE MOVIMENTO DOS FOCOLARI,ROSELIPIMENTEL@SMF.ORG.BR,RUA CONSELHEIRO DANTAS,11 45592504,Associação Privada,Ativas
1413040,COMITE DE DESENVOLVIMENTO TERRITORIAL LA FRONTERA,ESCRITORIOCONTABILGARZAO@GMAIL.COM,AVENIDA BRASIL,46 35561241,Associação Privada,Ativas
1413567,"ASSOCIACAO DE PAIS, MESTRES E FUNCIONARIOS PINGA FOGO",SEDUC_PDDE@MARINGA.PR.GOV.BR,RUA PIONEIRO NILSON ROSSI,44 32216909,Associação Privada,Ativas
1413673,IRMANDADE DA SANTA CASA DE MISERICORDIA DE SAO BERNARDO DO CAMPO,CONTATO_R7@OUTLOOK.COM,RODOVIA PR 160,43 31328707,Associação Privada,Ativas
1413763,ASSOCIACAO MULTIVERSA EDUCACIONAL - AME,FINANCEIRO@MULTIVERSA.COM,"AVENIDA FELIPE WANDSCHEER, BLOCO I TERREO            SALA  202",45 31981100,Associação Privada,Ativas
1413764,ASSOCIACAO MULTIVERSA EDUCACIONAL - AME,FINANCEIRO@MULTIVERSA.COM,AVENIDA PRESIDENTE KENNEDY,45 31981100,Associação Privada,Ativas
1414034,ABLS - ASSOCIACAO DE BOCHA DE LARANJEIRAS DO SUL/PR,BITTENCOURTCONTABILIDADE@GMAIL.COM,"RUA VISCONDE DE MAUA, ANEXO ASPM",42 91236034,Associação Privada,Ativas
1413984,ASSOCIACAO DE DESENVOLVIMENTO COMUNITARIO DE ITAMBARACA,AR.RODRIGUES1978@GMAIL.COM,RUA ANTONIO DIAS,43 98366583,Associação Privada,Ativas
1414159,"ASSOCIACAO DE REABILITACAO SOCIAL, EDUCACIONAL, CULTURAL E ECOLOGICO NACAO DE CRISTO",ACLARISVAL@GMAIL.COM,RUA SILVEIRA SILVA,42 88779540,Associação Privada,Ativas
1414022,INSTITUTO GOVERNOS INTELIGENTES - IGOVI,CONTATO.IGOVI@GMAIL.COM,"AVENIDA CANDIDO DE ABREU, CONJ  1512                ANDAR 15                  COND  CENTRO CMR CANDIDO DBLOCO CANDIDO DE ABREU BL",41 31143549,Associação Privada,Ativas
1414171,IGREJA PRESBITERIANA DO PORTO SEGURO,AILTON.MENDES.PGUA@GMAIL.COM,AVENIDA BELMIRO SEBASTIAO MARQUES,41 96267129,Organização Religiosa,Ativas
1413956,ASSOCIACAO DO MERCADO DO PRODUTOR DE IVAI,CONTABILIDADEVAZ@HOTMAIL.COM,AVENIDA 03 DE DEZEMBRO,42 98728699,Associação Privada,Ativas
1414211,CASA DE NACAO E UMBANDA REINO DE XAPANA,CONTATO@CONTATO.COM.BR,RUA REINALDO JOSE MIRANDA,41 08000800,Organização Religiosa,Suspensas
1414331,ASSOCIACAO PRO - CONSTRUCAO DO EDIFICIO DOWNTOWN HOME AND OFFICES,HELENY_VB@HOTMAIL.COM,RUA BALDUINO TAQUES,42 99720321,Associação Privada,Ativas
1414207,ASSOCIACAO RECANTO AKIKINOISMORA I,DSCONTADORES@DSCONTADORES.COM.BR,"GLEBA JACUTINGA, COND  REC. AKIKINOISMORA ILOTE  163/1 A 163/5       LOTE  163/13",43 33752300,Associação Privada,Ativas
1414394,IGREJA EVANGELICA PENTECOSTAL REI DOS REIS,LUANPAIVA5@GMAIL.COM,RUA PAIAO,43 98436691,Organização Religiosa,Ativas
1414556,IGREJA MISSAO APOIO,CAMPOS_SOLUCOESELETRICAS@OUTLOOK.COM,RUA POMBA ASA BRANCA,43 99041551,Organização Religiosa,Ativas
1414431,ASSOCIACAO MAE DO CEU,GRUPOTEATRALMAEDOCEU@GMAIL.COM,AVENIDA ARAPONGAS,43 96150020,Associação Privada,Ativas
1414628,ASSOCIACAO ANJOS DE RUA,AMANDARIOBOM24@GMAIL.COM,AVENIDA PARANA,43 96226740,Associação Privada,Ativas
1414649,TEMPLO DE CULTURA RELIGIOSA AFRO BRASILEIRA ILE AXE BABA OMIM AIDAN JIARAKA,ERIVALDOMARQUESSILVAJARACA@GMAIL.COM,"RUA SERVULO DOS SANTOS, SETOR VILA GUAIRA",42 99486407,Organização Religiosa,Ativas
1414672,CENTRO DE UMBANDA CASA DE XANGO,NILTON.MICHELETTI@GMAIL.COM,"RUA JOSE DOMINGOS DE OLIVEIRA, FUNDOSFUNDOS",43 99149069,Associação Privada,Ativas
1414747,PROJETO YONU,FEMOCLAM@HOTMAIL.COM,RUA LOURENCO TULETZKI,41 98001414,Associação Privada,Ativas
1414678,ASSOCIACAO DO GRENAL SOLIDARIO GUARAPUAVA,CONTABILIDADEDIEGO@HOTMAIL.COM,"RUA XAVIER DA SILVA, SALA  4",42 91310604,Associação Privada,Ativas
1414809,MINISTERIO REINO EVANGELISTICO EM MOVIMENTO,MINISTERIOREMO1@GMAIL.COM,AVENIDA AUGUSTO STABEN,41 98111828,Associação Privada,Ativas
1414831,ANIMAIS RESGATADOS COM AMOR DE SANTA TEREZINHA DE ITAIPU - PARANA,OFFICIUMCONTABILIDADE@GMAIL.COM,AVENIDA ADOLPHO LOLLATO,45 35412120,Associação Privada,Ativas
1414918,ORGANIZACAO DE DIREITOS HUMANOS E CIDADANIA ALICERCE DA MUDANCA,ALICERCEDAMUDANCA@GMAIL.COM,"AVENIDA CANDIDO DE ABREU, CONJ  1506                ANDAR 15                  COND  CENTRO CMR CANDIDO DBLOCO CANDIDO DE ABREU BL",41 33235744,Associação Privada,Ativas
1414923,IGREJA PENTECOSTAL DESENVOLVIMENTO DE JESUS,IGREJAPENTECOSTALDEJESUS1@GMAIL.COM,RUA ADOLFO SLUSARS,41 36281884,Organização Religiosa,Ativas
1414920,ASSOCIACAO LOBO GUARA IMORTAL DE GUARAPUAVA,CONTABILIDADEDIEGO@HOTMAIL.COM,"RUA XAVIER DA SILVA, SALA  1",42 36298500,Associação Privada,Ativas
1414982,INSTITUTO BRAZILAMAZON,OSAKAMORI@GMAIL.COM,RUA MARIA RITA DAS CHAGAS LIMA,41 99724243,Associação Privada,Ativas
1415048,ARCP - ASSOCIACAO RECREATIVA CORRE PRUDE,BORTOLOZOCONTABILIDADE@GMAIL.COM,"RUA DOMINGOS LUIZ DE OLIVEIRA, ANEXO SALA 02",42 34465961,Associação Privada,Ativas
1415050,"ASSOCIACAO DE APOIO A DEFESA DOS INTERESSES INVIDIVIDUAIS E COLETIVOS, CORPORATIVOS, CULTURAIS E RECREATIVOS DOS INVESTIGADORES DA POLICIA CIVIL",ROBERTORAMIRES7@GMAIL.COM,RUA MARANHAO,41 98223055,Associação Privada,Ativas
1415055,CENTRO ESPIRITA O CONSOLADOR,CONSOLADOR@YAHOO.COM.BR,RUA DUQUE DE CAXIAS,42 35220000,Organização Religiosa,Ativas
1415072,ASSOCIACAO DOS MORADORES DO MORRO GRANDE PARA TODOS EM MORRETES PARANA,GERENCIALCONSULTORIA@HOTMAIL.COM,ESTRADA DO MORRO GRANDE,41 95489501,Associação Privada,Ativas
1415099,COMUNIDADE FILADELFIA CHURCH,PRGABRIELAJOBIM@GMAIL.COM,RUA MAURO TOLENTINO,45 99295001,Organização Religiosa,Ativas
1415157,FUNDACAO DE APOIO AO DESENVOLVIMENTO CIENTIFICO E TECNOLOGICO DO INSTITUTO FEDERAL DO PARANA,CONTABILIDADE@CONTABILIDADEGLOBO.COM.BR,"RUA SAO FRANCISCO, SALA  705                 ANDAR 07                  COND  GREEN CENTER CD     BLOCO OFFICE GREEN",41 32332263,Fundação Privada,Ativas
1415186,F.D.M. - FUNDO DE DESENVOLVIMENTO DA MANDIOCA DO CENTRO SUL DO BRASIL,FINANCEIRO@ABAM.COM.BR,"AVENIDA DISTRITO FEDERAL, SLJ   SOBRELOJA",44 99923849,Associação Privada,Ativas
1415278,INSTITUTO BEBE SOLIDARIO,GILMARA.ALBUQUERQUE@HOTMAIL.COM,"RUA JOAO ALENCAR GUIMARAES, LOJA  T03                 ANDAR TR                  COND  NAO INFORMADO       BLOCO LOS ANGELES",41 91359542,Associação Privada,Ativas
1415283,IGREJA EVANGELICA ASSEMBLEIA DE DEUS MINISTERIO BELEM OURO FINO PARANAGUA,RAFAELADIREITOUTP@HOTMAIL.COM,AVENIDA BELA VISTA,41 92074141,Organização Religiosa,Ativas
1415315,ASSOCIACAO NACIONAL DE PRIMEIRAS DAMAS,GPDFABIOLAPARANHOS.PR@GMAIL.COM,RUA PIO XII,45 88069354,Associação Privada,Ativas
1415314,IGREJA COMUNIDADE CRISTA CULTURA NA MESA,DAIANE.MASSAKI@GMAIL.COM,RUA JAN FREDERIK DE JAGER,41 99113574,Associação Privada,Ativas
1415385,ASSOCIACAO MUSICAL AMOREIRA,WALMORMARCOS_FAUSTINO@GMAIL.COM,11A AVENIDA PREFEITO ANOTINIO FRANCISCHINI,43 88636888,Associação Privada,Ativas
1415386,CONSEG CONSELHO COMUNITARIO DE SEGURANCA DE IVAIPORA,CONSEGIVP.PR@GMAIL.COM,RUA PEDRO SARGIONETE,43 96465687,Associação Privada,Ativas
1415395,INSTITUTO PROF. ASSIS GONCALVES DE DIREITO EMPRESARIAL E COOPERATIVO,INSTITUTOASSISGONCALVES@GMAIL.COM,"AVENIDA SETE DE SETEMBRO, APT   81                  ANDAR 08                  COND  BALTIMORE ED",41 30290515,Associação Privada,Ativas
1415483,INSTITUTO DO BEM COMUM,IBEMCOMUM@GMAIL.COM,RUA PROFESSOR BENEDITO NICOLAU DOS SANTOS,41 98857128,Associação Privada,Ativas
1415510,IGREJA EVANGELICA IRMAOS MENONITAS DE ARVORE ALTA,ROGELIOCARDOSOLEAL@GMAIL.COM,RUA PRINCIPAL DE ARVORE ALTA,41 98460084,Organização Religiosa,Ativas
1415628,ROTARY CLUB DE ARAUCARIA - PASSAUNA,MIECISLAU@GMAIL.COM,"RUA MIGUEL BERTOLINO PIZATTO, SALA  01",41 99945444,Associação Privada,Ativas
1415600,ASSOCIACAO DA AGUA DA CAMPINA BONITA,LETICY_LIMA@HOTMAIL.COM,"COMUNIDADE CAMPINA BONITA, BRCAO CAPELA DIVINO ESPIRI",42 84124543,Associação Privada,Ativas
1415680,CENTRO ESPIRITA LAR DOS ORIXAS,LARDOSORIXASCENTROESPIRITA@GMAIL.COM,RUA DAS ORQUIDEAS,49 91328322,Organização Religiosa,Ativas
1415728,UNIART - ASSOCIACAO DOS ARTESAOS DE PRUDENTOPOLIS,UNIARTEPRUDI@GMAIL.COM,"RUA CAPITAO JOAO ALVES DAVID, SALA  01",42 98358288,Associação Privada,Ativas
1415647,ASSOCIACAO DE MULHERES CAMPOMAGRENSES,MARIACRISTINA@BALESTRACONTABILIDADE.COM.BR,RUA JASMIM,41 30951111,Associação Privada,Ativas
1415756,IGREJA PROFETICA CAMINHO E VIDA,ARITHMOSCONSULTORIACONTABIL@GMAIL.COM,RUA SAO PAULO,44 98868060,Organização Religiosa,Ativas
1415729,ASSOCIACAO ARAUCARIA FOOD PARK ARAPONGAS,RENATO.MOLINARI@HOTMAIL.COM,AVENIDA ARAPONGAS,43 99308108,Associação Privada,Ativas
1415841,CENTRO MUNDIAL DE AVIVAMENTO AMADOS DO PAI,MINISTROJCOSTA@GMAIL.COM,"RUA CASTRO ALVES, BLOCO B2                  APT   401",45 88081516,Organização Religiosa,Ativas
1415989,IGREJA PENTECOSTAL NOVA GERACAO,MISSAOJALEOCADIO@HOTMAIL.COM,RUA CATULO DA PAIXAO CEARENSE,41 95771666,Organização Religiosa,Ativas
1415907,ASSOCIACAO SOL LIVRE,GUILHERME@SOLUSENERGIAS.COM.BR,AVENIDA EUCLIDES DA CUNHA,44 91810017,Associação Privada,Ativas
1416135,LIGA UENP,DANIELFERREIRA.15@HOTMAIL.COM,"AVENIDA GETULIO VARGAS, SALA  02",43 96897748,Associação Privada,Ativas
1416086,ASSOCIACAO DESPORTIVA E CULTURAL PARANA GRYPHONS,PARANAGRYPHONS@GMAIL.COM,"AVENIDA VICENTE MACHADO, CONJ  024C                COND  JEANINE ED",41 99839179,Associação Privada,Ativas
1416217,ASSOCIACAO MAOS PARA PAZ - BRASIL,MARCIAVALIATI@HOTMAIL.COM,"RUA BRIGADEIRO FRANCO, SALA  208                 ANDAR 02                  COND  WORKSPACE BRIGADEIRO",41 99718720,Associação Privada,Ativas
1416247,ASSOCIACAO OFF ROAD MARINGA,JULIO.PRATICE@GMAIL.COM,RUA BARAO DE PIRATININGA,44 84118231,Associação Privada,Ativas
1416273,ASSOCIACAO DOS MORADORES DO RECANTO VERDE,AUREOLANTMANN@GMAIL.COM,"GLEBA JACUTINGA, LOTE  158-A/4",43 99534088,Associação Privada,Ativas
1416318,LIGA ESPORTIVA AMADORA DE SAO CRISTOVAO - LEASC,GOMESCONTABILIDADE10@GMAIL.COM,RUA DESEMBARGADOR JOAQUIM PENIDO MONTEIRO,42 99086670,Associação Privada,Ativas
1416323,ASSOCIACAO RECANTO DO SOSSEGO,AUREOLANTMANN@GMAIL.COM,"GLEBA JACUTINGA, COND  RECANTO DO SOSSEGO  LOTE  02",43 99510474,Associação Privada,Ativas
1416388,WORLD FEDERATION OF KARATE-DO-WFK,PRESIDENCIAWFKWORLDKARATEWFK@YAHOO.COM,AVENIDA CORUJA,14 81146462,Associação Privada,Ativas
1416477,ASSOCIACAO DA FEIRA DO PRODUTOR DE TERRA RICA - PR - AFEPROTER,ESCRITORIOCONTABILNOROESTE@OUTLOOK.COM,"AVENIDA CLAUDIO DOMINGOS SOLETTI, SALA  02",44 98124741,Associação Privada,Ativas
1416479,IGREJA DE DEUS EM PONTA GROSSA,IGREJADEDEUSPG@HOTMAIL.COM,"RUA FERREIRA DE ARAUJO, VILA JOQUEI CLUBE",42 98546355,Organização Religiosa,Ativas
1416566,ASSOCIACAO PARANAENSE DE ALIMENTOS APRALIM,SINCABIMA@SINCABIMA.ORG.BR,RUA GENERAL TEODORICO GUIMARAES,41 35695692,Associação Privada,Ativas
1416564,IGREJA PROFETICA RESTAURANDO VIDAS,PAULOEDUARDOGOMES4@GMAIL.COM,RUA ENGENHEIRO AUGUSTO ARAUJO,45 84240324,Organização Religiosa,Ativas
1416568,ASSOCIACAO ESPIRITUALISTA LUCAS SALDANHA NASCIMENTO,TCA.TENDADACIGANAAURORA@GMAIL.COM,RUA PROFESSOR NILO BRANDAO,41 87033436,Associação Privada,Ativas
1416573,ASSOCIACAO DOS ADQUIRENTES DO RESIDENCIAL LISBOA - ARL,ADRIANO.ACMREP@GMAIL.COM,AVENIDA AGUA VERDE,41 88388366,Associação Privada,Ativas
1416620,INSTITUTO XAMANICO CEU DE SHALOM,SUREKIJR@GMAIL.COM,"RODOVIA ESTRADA DA GRACIOSA KM 19,50, CXPST 099",41 88071214,Organização Religiosa,Ativas
1416642,IGREJA ASSEMBLEIA UNCAO DO ESPIRITO,GERENCIALCONSULTORIA@HOTMAIL.COM,RUA LUIZ BASTOS,41 95608388,Organização Religiosa,Ativas
1416706,INSTITUTO MARPEH,CALMEIDA@INSTITUTOMARPEH.ORG.BR,"AVENIDA REPUBLICA ARGENTINA, SALA  1705                ANDAR 17                  COND  CONDOMINIO MONDO    BLOCO MONDO-SUB/COND-OFFIC",41 88257161,Associação Privada,Ativas
1416884,ASSOCIACAO ORIGINAIS MOTOR CLUB,FIORATURCATTO@GMAIL.COM,"RUA CARAMURU, FUNDOS.",46 99723025,Associação Privada,Ativas
1416681,PRIMEIRA IGREJA BATISTA DE CONGONHINHAS,ESCRITORIOCONTABILCONG@HOTMAIL.COM,RUA RAFAEL HENRIQUE DA SILVA COSTA,43 35541515,Organização Religiosa,Ativas
1416848,ASSOCIACAO CHOPINZINHENSE DE APICULTORES E MELIPONICULTORES - ACAM,RURALSULCONTABILIDADE@GMAIL.COM,RUA ARTUR BERNARDES,46 91015872,Associação Privada,Ativas
1416911,ASSOCIACAO DE CATADORES DE MATERIAIS RECICLAVEIS DE SANTO ANTONIO DO PARAISO,RICKYMORTEAMO@GMAIL.COM,RUA ANTONIO SANTOS DUARTE,43 99184387,Associação Privada,Ativas
1416946,IGREJA PENTECOSTAL JESUS CRISTO REI DA GLORIA,IGREJAPENTECOSTALJESUSCRISTOREIDAGLORIA@GMAIL.COM,RUA AVELINO PRETO,45 88331662,Organização Religiosa,Ativas
1417017,INSTITUTO PRO DEMOCRACIA SEMPRE,ADMINISTRATIVO@MBCONSULTORES.COM.BR,RUA DOUTOR NELSON DE SOUZA PINTO,41 32255623,Associação Privada,Ativas
1417025,EVER - INSTITUTO EVENTO RESPONSAVEL,JOAOANZOLIN@GMAIL.COM,"AVENIDA REPUBLICA ARGENTINA, CONJ  509                 ANDAR 05                  COND  PRESIDENTE VARGAS CT",41 99991079,Associação Privada,Ativas
1417046,CENTRO DE ACAO SOCIAL MAE APARECIDA,CASMAEAPARECIDA@GMAIL.COM,RUA GRAJAU,43 33291039,Associação Privada,Ativas
1417144,ASSOCIACAO DOS PROPRIETARIOS DO CONDOMINIO AGUA VIVA,CARLOS.LUARSERVICOS@OUTLOOK.COM,AVENIDA BRASIL,44 99345444,Associação Privada,Ativas
1416928,ASSOCIACAO DE APOIO SOCIAL LUZ SOLIDARIA,ESCRITORIOESPACIAL@GMAIL.COM,"AVENIDA TUIUTI, SALA  06",44 98591050,Associação Privada,Ativas
1417264,IGREJA PENTECOSTAL ARCA DA ALIANCA - MINISTERIO ADORACAO,AMSCONTAB@GMAIL.COM,RUA CAXIAS DO SUL,41 99047953,Organização Religiosa,Ativas
1417342,IGREJA PRESBITERIANA RENOVADA DE BOA ESPERANCA,CLAUDIOLEANDRO1977@GMAIL.COM,RUA RIO GRANDE DO SUL,44 97284407,Organização Religiosa,Ativas
1417494,AFAR - ASSOCIACAO DE FUTEBOL AMADOR DE ROLANDIA,BRUNORAFAELCUSTODIO01@GMAIL.COM,RUA JOSE FARINA FILHO,43 88449286,Associação Privada,Ativas
1417498,ASSOCIACAO ATLETICA INDEPENDENTE,AAAA@AAA.COM.BR,RUA DESEMBARGADOR JOAQUIM FERREIRA GUIMARAES,42 88098469,Associação Privada,Ativas
1417657,ASSOCIACAO DOS MORADORES - NUCLEO RIO VERDE E NUCLEO PITANGUI - AMRVNP,ANA.MARTINS3676@GMAIL.COM,RUA JOAO JERONIMO SIMONETTO,42 98626586,Associação Privada,Ativas
1417587,INSTITUTO CULTURAL GABRIELA VALENTINA - ICGV,CONTABILIONS@GMAIL.COM,"RUA XV DE NOVEMBRO, COND  JOSE LOUREIRO ED",41 96710941,Organização Social,Ativas
1417716,INSTITUTO CULTURAL PROF. ONIR BAZOTTI FERRI,GRUFINO8@GMAIL.COM,AVENIDA INDEPENDENCIA,44 98090512,Associação Privada,Ativas
1417807,ASSOCIACAO INSTITUTO BRASILEIRO DE ARQUITETURA TRADICIONAL,INSTITUTOIBAT@GMAIL.COM,RUA PROFESSORA DIVA PROENCA,43 99023968,Associação Privada,Ativas
1417924,IGREJA EVANGELICA ASSEMBLEIA DE DEUS GERANDO ALMAS,DEUSGERANDOALMAS@GMAIL.COM,RUA JOSE MARIA DE PAULA RODRIGUES,43 98158071,Organização Religiosa,Ativas
1417679,IGREJA MINISTERIO CHAMA DE MILAGRE,RENATOCALDEIRA0204@GMAIL.COM,RUA SEBASTIAO JOSE DE OLIVEIRA,18 98090248,Organização Religiosa,Ativas
1417925,MINISTERIO INTERNACIONAL PEROLAS SENDO CURADAS,ERICACRISTINADASILVASAMPAIO@GMAIL.COM,"RUA ALCINDO PINTO DE ARRUDA, TERREOTERREO",44 99516578,Organização Religiosa,Ativas
1418081,INSTITUTO FORTALEZA DE CURITIBA,INSTITUTO.FORTALEZA.CURITIBA@OUTLOOK.COM,"AVENIDA JAIME REIS, CONJ  12                  ANDAR 02                  COND  GARIBALDI CTO CMRL",41 84591150,Associação Privada,Ativas
1418208,ORDEM DOS PASTORES BATISTAS DO BRASIL SECAO PARANA,OPBBPARANA@GMAIL.COM,AVENIDA SILVA JARDIM,41 84222830,Associação Privada,Ativas
1418244,IGREJA PENTECOSTAL NACOES DA FE,GERAL@ESCRITORIOCONTAC.COM.BR,AVENIDA BRASIL,44 99599611,Organização Religiosa,Ativas
1418275,ASSOCIACAO PARQUE INDUSTRIAL TOZO,BRISAIMOVEIS@UOL.COM.BR,"RUA SOUZA NAVES, EDIF  LINCE               ANDAR 5                   SALA  504",45 99723399,Associação Privada,Ativas
1418290,COMUNIDADE CRISTA ZOE DE CASCAVEL,LEOFORTUNATO1@GMAIL.COM,RUA JORGE LACERDA,44 98049953,Organização Religiosa,Ativas
1418469,COMUNIDADE PROFETICA PALAVRA VIVA,MAURICIO@SAPIENSCONTABILIDADE.NET,RUA RIO GRANDE DO NORTE,45 99741531,Organização Religiosa,Ativas
1418459,ASSOCIACAO ATLETICA ACADEMICA DAS ENGENHARIAS TROIA -CESCAGE,TROIAATLETICA@GMAIL.COM,RUA TOMAZINA,42 98285200,Associação Privada,Ativas
1418390,"ABBMAC - ASSOCIACAO BEMBELLAS, MULHERES ARTESAS E COSTUREIRAS",ROMISCORSIN@HOTMAIL.COM,RUA ASTOLPHO NOGUEIRA,41 92573185,Associação Privada,Ativas
1418511,AVPRU - ASSOCIACAO DE VOLEIBOL DE PRUDENTOPOLIS,CHRISTOCONTABIL@YAHOO.COM.BR,TRAVESSA BELEM,42 34463980,Associação Privada,Ativas
1418706,MINISTERIO RESTITUI,FIEB.ADM2021@GMAIL.COM,RUA LUZANIRA DELFINO MARTINS,41 30790535,Organização Religiosa,Ativas
1418637,ASSOCIACAO DE CICLISMO DE GOIOERE - GOIOERE BIKE CLUB,GOIOEREBIKECLUB@GMAIL.COM,AVENIDA 19 DE AGOSTO,44 99582738,Associação Privada,Ativas
1418734,"AUGUSTA E RESPEITAVEL LOJA SIMBOLICA REI SALOMAO, N. 169",REISALOMAO169@GMAIL.COM,RUA ANTONIO MARTINS DE ARAUJO,41 32188831,Associação Privada,Ativas
1418745,ASSOCIACAO AMIGOS PRODUTORES - A.A.P.,RECEPCAO@PARANACONTABIL.COM.BR,RUA CEZINANDO DIAS PAREDES,41 96548758,Associação Privada,Ativas
1418907,"CONSELHO GUARDIAO JURISDICIONAL DAS FILHAS DE JO INTERNACIONAL DO PARANA, BRASIL",IVONETEZ.DALLOGLIO@GMAIL.COM,AVENIDA LAGOA VERMELHA,45 99665613,Associação Privada,Ativas
1418810,ASSOCIACAO SOBERANO REI - XADREZ ARAPONGAS,ANAUFPR@HOTMAIL.COM,RUA SOCOZINHO,43 99519210,Associação Privada,Ativas
1418985,PROJETO VALENTES DE CRISTO,VALENTESDECRISTO17@GMAIL.COM,RUA PROFESSOR REGINA TERESA RODRIGUES DA COSTA LOPES,44 98375216,Associação Privada,Ativas
1418989,ASSOCIACAO DOS TRABALHADORES RURAIS DO ACAMPAMENTO DE PAULA FREITAS,ESCRITORIOCONTABILCORDEIRO@YAHOO.COM.BR,ACAMPAMENTO REDUTO DE CARAGUATA,42 33005455,Associação Privada,Ativas
1419069,CENTRO DE UMBANDA FRATERNIDADE LUZ DIVINA,ERIKA.SOWABE@HOTMAIL.COM,RUA CORONEL PEDRO SCHERER SOBRINHO,41 33280083,Associação Privada,Ativas
1419134,ASSOCIACAO ATLETICA ACADEMICA UNIFICADA DA SAUDE DA UNIVERSIDADE FEDERAL DO PARANA,AMANDA.GEBELUCA@GMAIL.COM,"RUA REINALDO GADENS, APT   2834",41 85025380,Associação Privada,Ativas
1419150,ASSOCIACAO FIRMES NA FE,ADRIANO@ATIVACONTABILIDADE.ADM.BR,RUA BELO HORIZONTE,42 36353835,Associação Privada,Ativas
1419213,IGREJA TABERNACULO DA FE APOSTOLICA,MARINEIAALMEIDA8@GMAIL.COM,NUCLEO RURAL BAIRRO BUTIAZAL - ZONA RURAL,42 99491329,Organização Religiosa,Ativas
1419237,ASSOCIACAO DE MORADORES E APOIADORES DO PALMITAL E REGIAO - COLOMBO/PR,ADM.AMAPRCOLOMBO@GMAIL.COM,RUA LAGO BACACHERI,41 98634516,Associação Privada,Ativas
1419241,ASSOCIACAO ESPORTIVA PILOTOS DO FUTURO,ELOISO.ALKMIN@GMAIL.COM,"RUA JOAO HUSS, APT   2201",41 88536767,Associação Privada,Ativas
1419248,ASSOCIACAO DE MORADORES CONJUNTO FLAMBOYANT 2,ASSOCIACAOFLAMBOYANT.FISCAL@GMAIL.COM,RUA JOSE CORREIA TRAMUJAS,41 96677946,Associação Privada,Ativas
1419257,ASSOCIACAO DAS COSTUREIRAS DO MUNICIPIO DE LIDIANOPOLIS - ACML.,INNOVARE.CONTABILIDADE20@GMAIL.COM,RUA MINAS GERAIS,43 98451245,Associação Privada,Ativas
1419287,IGREJA EVANGELICA ASSEMBLEIA DE DEUS - MISSAO,ARLEY.MARTINS@LIVE.COM,AVENIDA CAMPOS ELISEOS,44 98245170,Organização Religiosa,Ativas
1419321,ASSOCIACAO DE ALUNOS DO CURSO DE FARMACIA UNIPAR 2025 TOLEDO,ANDERSON@VIBEFORMATURAS.COM.BR,"AVENIDA PARIGOT DE SOUZA, SALA  10",45 33067880,Associação Privada,Ativas
1419332,ASSOCIACAO DE ALUNOS DO CURSO DE AGRONOMIA PUC 2023,ANDERSON@VIBEFORMATURAS.COM.BR,"RUA GUARANI, SALA  10",45 33067880,Associação Privada,Ativas
1419354,GRANDE LOJA BRASILEIRA E TEMPLO DA ORDEM FILHOS INICIADOS DA LUZ - ORDEM ORFIL,ORDEMFIL@AOL.COM,ESTRADA SANTA FE,41 87008960,Associação Privada,Ativas
1419336,ASSOCIACAO DE ALUNOS DO CURSO DE FISIOTERAPIA FAG 2023 CASCAVEL,ANDERSON@VIBEFORMATURAS.COM.BR,"AVENIDA DAS TORRES, SALA  10",45 33067880,Associação Privada,Ativas
1419343,CONSELHO MOVIMENTA BRASIL - ESTADOS  - MUNICIPIOS - BAIRROS E COMUNIDADES,CMBCMTS@GMAIL.COM,ESTRADA SANTA FE,41 87008960,Associação Privada,Ativas
1419416,BATERIA UNIVERSITARIA PANTERADA DA UNIVERSIDADE TECNOLOGICA FEDERAL DO PARANA - CAMPUS APUCARANA,BATERIAPANTERADA@GMAIL.COM,RUA MARCILIO DIAS,43 31621200,Associação Privada,Ativas
1419476,ASSOCIACAO TUPITINGA/UBIRATAMA DE CRUZEIRO DO SUL,ASSOCIACAOTUPITINGA@GMAIL.COM,SITIO BELO HORIZONTE ESTRADA UBIRATAMA LOTE 340-R-A-4,44 34631536,Associação Privada,Ativas
1419504,ASSOCIACAO RESIDENCIAL SAO PEDRO,CONDOMINIOSCONTABILFIEL@GMAIL.COM,PROLONGAMENTO TRINTA E SEIS,43 32351435,Associação Privada,Ativas
1419554,ASSOCIACAO DE PRODUTORES EM TRANSICAO AGROECOLOGICA,APTAQUERENCIA@GMAIL.COM,ACESSO P.A. PONTAL DO TIGRE,44 99379321,Associação Privada,Ativas
1419557,IGREJA EVANGELICA ITAUNA DO SUL - IEIS,IEIS1810.PR@GMAIL.COM,AVENIDA BRASIL,44 91051441,Organização Religiosa,Ativas
1419559,IGREJA ZOSA,RONAN@NIBTOLEDO.ORG,AVENIDA JOSE JOAO MURARO,45 99000145,Organização Religiosa,Ativas
1419555,"ALUNOS DO CURSO DE AGRONOMIA,TURMA DE 2025 UNIVERSIDADE- PUC",ANDERSON@VIBEFORMATURAS.COM.BR,"RUA GUARANI, QUADRA00LR                LOTE  0055 A1             SALA  10",45 33067880,Associação Privada,Ativas
1419561,CENTRO ACADEMICO DE MEDICINA DE TOLEDO,CRISTIANOBEM@UFPR.BR,AREA RODOVIA PR 182,85 96124819,Associação Privada,Ativas
1419570,ASSOCIACAO DE PROPRIETARIOS DO EDIFICIO RESIDENCIAL PROFESSOR DOUGLAS BOECHAT,LEOXAVIER1807@GMAIL.COM,RUA CEL PRETEXTATO PENNA FORTE T RIBAS,41 98394338,Associação Privada,Ativas
1419679,ASSOCIACAO DE PAIS E AMIGOS DE AUTISTAS DE QUEDAS DO IGUACU,APAAQIQUEDAS@GMAIL.COM,"AVENIDA TARUMA, SALA  01                  SALA  02",46 99335171,Associação Privada,Ativas
1419681,ASSOCIACAO ATLETICA ACADEMICA DE SAUDE MATILHA DA UNIVERSIDADE TECNOLOGICA FEDERAL DO PARANA,ISADORA.VIEIRADSA@GMAIL.COM,RUA PEDRO GUSSO,41 95126548,Associação Privada,Ativas
1419706,INSTITUTO DE SAUDE LENY PAROLIN MELZER,FELIPE@SAOLUCASCL.COM.BR,RUA GENEROSO MARQUES,41 99896545,Associação Privada,Ativas
1419726,IGREJA EVANGELICA PENTECOSTAL PODER E GRACA,MAYADEUSEFIEL@OUTLOOK.COM,RUA PIONEIRO JOSE AMERICO,44 84477986,Organização Religiosa,Ativas
1419763,MINISTERIO MULHERES TRANSPARENTES E FAMILIA,LUIZ@LCJCONTABILIDADE.COM.BR,RUA IRINEU GONCALVES PADILHA FILHO,41 99114529,Organização Religiosa,Ativas
1419868,ASSOCIACAO DOS PRODUTORES DE MEL DE CANDOI - APICAN,APICAN-CANDOI@GMAIL.COM,AVENIDA ALFREDO ANTONIO BUDEL,42 98192018,Associação Privada,Ativas
1419792,IGREJA ASSEMBLEIA DE DEUS DE FOZ DO IGUACU PARA AS NACOES,UCADEMATTOS79@GMAIL.COM,RUA MINEIRAO,45 98241524,Organização Religiosa,Ativas
1419935,IGREJA EVAGELICA COMUNIDADE FONTE DA SALVACAO,RCORREI87@GMAIL.COM,RUA TARUMA,42 98046678,Organização Religiosa,Ativas
1419965,ORGANIZACAO VOLTADA A ATENCAO E PROTECAO DE CRIANCAS E ADOLESCENTES EM SITUACAO DE VULNERABILIDADE - ARCO IRIS,JEANSSOUZA@LIVE.COM,RUA DO CREPUSCULO,41 99905579,Associação Privada,Ativas
1419987,INSTITUTO PROJETO DE REABILITACAO VISUAL - PROREABV,MATRIZREABILITACAOVISUAL@GMAIL.COM,"AVENIDA PARANA, SALA  404                 ANDAR 04                  COND  LINK E OFFICES ED",41 74030605,Associação Privada,Ativas
1419991,ASSOCIACAO DE DESENVOLVIMENTO FAMILIAR SUSTENTAVEL,CELSOANGHINONI1@HOTMAIL.COM,ACESSO LINHA DAS MACAUBAS NO ASSENTAMENTO PONTAL DO TIGRE,44 91654076,Associação Privada,Ativas
1420000,ASSOCIACAO DE MOTOCICLISTAS EQUIPE EXCLUIDOS - MA,ZINHO911MARTINELLI@GMAIL.COM,RUA DUQUE DE CAXIAS,44 99195755,Associação Privada,Ativas
1420011,ASSOCIACAO DOS CATADORES DE MATERIAL RECICLADO DE ARAPUA - ACAMARA,PRADOCONTABILIDADE5@GMAIL.COM,RUA LINDOLFO WIELLEMANN,43 96221845,Associação Privada,Ativas
1420134,ASSOCIACAO CULTURAL E RECREATIVA CATTANI DE FRANCISCO BELTRAO - ACRCFB,MARCELO@SUDOESTE.LOG.BR,RUA ANTONIO CARNEIRO NETO,46 35203223,Associação Privada,Ativas
1420141,ASSOCIACAO DE MULHERES AGRICULTORAS SABORES DO CAMPO,LIDER_CONTABIL@YAHOO.COM.BR,RODOVIA BR 153,42 35521066,Associação Privada,Ativas
1420212,ASSOCIACAO PROJETO PEQUENO AMOR,FRANFELIN@HOTMAIL.COM,"RUA ALMIRANTE BARROSO, SALA  UTI NEONATAL",45 91256550,Associação Privada,Ativas
1420231,INSTITUTO NOSSA SENHORA DO BOM CONSELHO,INSTITUTONSBOMCONSELHO@GMAIL.COM,"AVENIDA NILDO RIBEIRO DA ROCHA,ARQUITETO",44 99277374,Associação Privada,Ativas
1420294,PITANGA VOLKS CLUB E ANTIGOS,SERGINHOCORREIOS@HOTMAIL.COM,ESTRADA RIO DO MEIO DE CIMA,42 99463223,Associação Privada,Ativas
1420244,ASSOCIACAO COMUNITARIA DO DISTRITO DE SAO SILVESTRE,FEMOCLAM@HOTMAIL.COM,ESTRADA ESTRADA DO PALMITAL,41 32245000,Associação Privada,Ativas
1420349,IGREJA BATISTA BETHESDA,JOANISFILSRELIS509@GMAIL.COM,RUA DAS ANDORINHAS,41 97246243,Organização Religiosa,Ativas
1420455,COMUNIDADE EVANGELICA VISAO MISSIONARIA,CEVISAOMISSIONARIA@GMAIL.COM,"RUA OLINTO MARIANI,PIONEIRO",44 98985531,Organização Religiosa,Ativas
1420444,MINISTERIO EVANGELICO PENIEL - MEP CHURCH PARANAGUA,FABI.AMAJESUS@HOTMAIL.COM,RUA DOMINGOS PENEDA,41 84115492,Organização Religiosa,Ativas
1420393,ASSOCIACAO PRO-CONSTRUCAO DO EDIFICIO PLATINUM 396,CEMELFOZ@OUTLOOK.COM,RUA BELARMINO DE MENDONCA,45 30270383,Associação Privada,Ativas
1420503,CONGA DA TIA MARIA MINEIRA,CAMARGO-14@HOTMAIL.COM,RUA IGUAPE,43 98253766,Organização Religiosa,Ativas
1420570,ASSOCIACAO DOS PROMITENTES COMPRADORES DAS UNIDADES DO EDIFICIO IBIZA,MSIEIRO.ADV@GMAIL.COM,RUA JACAREZINHO,41 99951377,Associação Privada,Ativas
1420848,FLAPINHAO - ASSOCIACAO RECREATIVA E ESPORTIVA DOS TORCEDORES DO FLAMENGO DO MUNICIPIO DE PINHAO - PR,SARIONMOTO911@YAHOO.COM.BR,RUA SERAFIN RIBAS SOBRINHO,42 99695092,Associação Privada,Ativas
1420651,MISSOES EVANGELISTICAS VINDE AMADOS MEUS - MEVAM CARAMBEI,EVANDROCAETANOO@GMAIL.COM,AVENIDA DAS FLORES,42 99701865,Organização Religiosa,Ativas
1420882,ASSOCIACAO IFAB - REALIZANDO SONHOS,ILANKRIGER@GMAIL.COM,"AVENIDA DO BATEL, CONJ  106                 ANDAR 01                  COND  BOSQUE DO BATEL CD C",41 99741811,Associação Privada,Ativas
1420925,IGREJA DEUS E A GLORIA,CONTABILIDADE@ELEVENCONTABILIDADE.COM.BR,RUA MADRE TEREZA DE CALCUTA,41 95921819,Organização Religiosa,Ativas
1420924,ASSOCIACAO AMIGOS DO KART DE MARINGA,KARTMARINGA@GMAIL.COM,"AVENIDA NILDO RIBEIRO DA ROCHA,ARQUITETO",44 99287187,Associação Privada,Ativas
1420932,ASSOCIACAO SOCIOCULTURAL PARA TRANSFORMACAO ATRAVES DOS PASSINHOS E RITMOS- APASS,FIEB.ADM2021@GMAIL.COM,"RUA PETIT CARNEIRO, LOJA  01                  ANDAR TR                  COND  NAO INFORMADO       BLOCO CASAGRANDE",41 99520197,Associação Privada,Ativas
1420937,AD BELEM ARAUCARIA,CONTABILIDADE@ELEVENCONTABILIDADE.COM.BR,RUA SILVIO CANTELE,41 91487930,Organização Religiosa,Ativas
1420998,CASA DE ACOLHIMENTO PARA DEPENDENTES QUIMICOS E MULHERES VITIMAS DE VIOLENCIA DOMESTICA E SEXUAL VIDA NOVA,ONGVIDANOVA2023@GMAL.COM,RUA DAS PALMEIRAS,13 99676601,Associação Privada,Ativas
1421010,ROTARY CLUB SATELITE DE FRANCISCO BELTRAO INDUSTRIAL ENEAS MARQUES,ROTARYCLUBSATELITEENEASMARQUES@OUTLOOK.COM,RUA ERICO VERISSIMO,46 99127576,Associação Privada,Ativas
1420997,ASSOCIACAO DE PAIS E AMIGOS DO AUTISTA - AMETISTA,ASSOCIACAOAMETISTAGC@GMAIL.COM,RUA ANTONIO DIDONE,42 88075888,Associação Privada,Ativas
1421050,"ASSOCIACAO DOS MORADORES DOS BAIRROS SANTA ANGELA,SAO LUCAS E KELLY CRISTINA",KAROL.EDILSON@GMAIL.COM,RUA ERNESTO PEDRO CROZETA,41 97313941,Associação Privada,Ativas
1421153,ASSOCIACAO TENIS PARA O FUTURO,CONTATO@CONTATO.COM.BR,"AVENIDA SILVA JARDIM, APT   404                 ANDAR 04                  COND  SIENA TOWER ED",41 30303030,Associação Privada,Ativas
1421183,ASSOCIACAO CULTURAL GUARANI TEKOA MIRIM DE SAPOPEMA,ADSIMAR@HOTMAIL.COM,SITIO GAMBARY,43 35481340,Associação Privada,Ativas
1421223,ASSOCIACAO DE VOLUNTARIAS ABRACE,POLLICONTADORES@POLLICONTADORES.COM.BR,RUA OLAVO BILAC,46 91027014,Associação Privada,Ativas
1421224,IGREJA EVANGELICA COMUNIDADE ESPADA DA JUSTICA DE ITAMBARACA - ESTADO DO PARANA,ESCRITCARVALHO1589@GMAIL.COM,RUA ANTONIO GIOVANINI,43 35431589,Organização Religiosa,Ativas
1421346,COMUNIDADE PENTECOSTAL PARTICIPANTES DE CRISTO,FOTONEVES2009@GMAIL.COM,RUA OCEANO PACIFICO,43 96340451,Organização Religiosa,Ativas
1421239,ASSOCIACAO DE PILOTOS E PROPRIETARIOS DE AERONAVES DE ENTRE RIOS,MILLAWALTER@GMAIL.COM,AVENIDA MICHAEL MOOR,42 84038225,Associação Privada,Ativas
1421417,INSTITUTO YGLOTA - POLIGLOTISMO E INTEGRACAO,OTTOMENDONCA@YAHOO.COM,"RUA BELARMINO DE MENDONCA, APT   305",45 88234418,Associação Privada,Ativas
1421481,ASSOCIACAO DE DESENVOLVIMENTO COMUNITARIO POR DO SOL - PRIMEIRO DE MAIO,ADMINISTRATIVO@CONPLANCONTABIL.COM.BR,RUA CAETANO CHICARELLI,43 33440677,Associação Privada,Ativas
1421508,"ASSOCIACAO SOCIOAMBIENTAL DE DEFESA, PROTECAO E AMIGOS DA ILHA DAS PECAS.",CONTABILIDADE@GRECAASFALTOS.COM.BR,ILHA DAS PECAS,41 21068600,Associação Privada,Ativas
1421608,ASSOCIACAO RECREATIVA SANTA ALICE DO PARANA,ASSOCIACAORECREATIVASANTAALICE@GMAIL.COM,"AVENIDA PARANA, LOJA  02                  ANDAR TR                  COND  AVENIDA PARANA OFFIC",41 85067563,Associação Privada,Ativas
1421619,FLOODS OF TROUBLE MOTO CLUBE,JULIOCEZARGRIBOGE@GMAIL.COM,RUA JOSE IVAHI CAMARGO,41 99509016,Associação Privada,Ativas
1421803,ASSOCIACAO TERRA-RIQUENSE DE FUTEBOL SUICO RAIZ - TERRA RICA - PR - ATFSR,ESCRITORIOCONTABILNOROESTE@OUTLOOK.COM,RUA MATO GROSSO,44 88393999,Associação Privada,Ativas
1421735,ASSOCIACAO DE MORADORES DO RECANTO VALE VERDE,DNCONTABILIDADE@OUTLOOK.COM,"GLEBA JACUTINGA, LOTE  157-A 157-B E 157-C",43 31549513,Associação Privada,Ativas
1421925,INSTITUTO GLACIA DA SILVA - CORRENTE DO BEM,CONTASUL@HOTMAIL.COM.BR,RUA IVO LEAO,41 21050928,Associação Privada,Ativas
1422076,CLUBE DE LACO RANCHO NOGARA,IVANCONTABILIDADE@OUTLOOK.COM,"ESTRADA ESTRADA PR 218, KM 05",44 99177030,Associação Privada,Ativas
1421939,IGREJA EVANGELICA PENTECOSTAL MISSAO DE FE,PELLIZERAPARECIDA@GMAIL.COM,"RUA NOSSA SENHORA APARECIDA, FUNDOSFUNDOS",44 97604477,Organização Religiosa,Ativas
1422142,ASSOCIACAO DE MORADORES DA COMUNIDADE DE PALMEIRINHA,HEVETONLUIZTRZASKACZ1@GMAIL.COM,"COMUNIDADE PALMEIRINHA, PAVLH CAPELA SAO JOAO MARI",42 88281802,Associação Privada,Ativas
1422176,INSTITUTO DE FORMACAO CIDADA ARTE SAUDE CIENCIAS ECONOMIA NATUREZA E ESPORTE,CONTASUL@HOTMAIL.COM.BR,RUA 06 DE NOVEMBRO,41 21050928,Associação Privada,Ativas
1422183,IGREJA EVANGELICA DO REINO DE DEUS,DORIONPORTES@GMAIL.COM,RUA ITAQUERA,41 96318598,Organização Religiosa,Ativas
1422191,"CENTRO ESPIRITA BENEFICENTE UNIAO DO VEGETAL, NUCLEO MANTO DE LUZ",PRES.MANTODELUZ@UDV.ORG.BR,"FAZENDA LINHA DO MARRECO,  FAZENDA BRITANIA",61 91582826,Organização Religiosa,Ativas
1422235,COMUNIDADE FAMILIA DO REINO,KLEBERPRIMO@YAHOO.COM,"RUA 24 DE MAIO, CONJ  1105                ANDAR 11                  COND  BUSINESS OFFICES ED",41 98890968,Organização Religiosa,Ativas
1422417,IGREJA EVANGELICA TEMPLO DE ORACAO RENASCER COM CRISTO,OLIVEIRACARRIELCARLOS@GMAIL.COM,RUA ALCIDES FERREIRA DE ANDRADE,44 84357316,Organização Religiosa,Ativas
1422251,ASSOCIACAO BRASILEIRA DE PROFISSIONAIS DE ACESO POR CORDA E RESGATE - ABRAC,CONTATO@JWSOLUCOESCONTABEIS.COM.BR,"RUA AUGUSTO ZIBARTH, LOJA  01                  ANDAR TR                  COND  NAO INFORMADO       BLOCO BELFORTE COML",41 98306332,Associação Privada,Ativas
1422290,IGREJA ALICERCADOS NA ROCHA,INV.ERICLUCAS@HOTMAIL.COM,"RUA FRANCISCO SBRISSIA, QUADRA24                  LOTE  30",41 98483360,Organização Religiosa,Ativas
1422425,"ASSOCIACAO SARANDIENSE DE LESBICAS, GAYS, BISSEXUAIS, TRANSEXUAIS, TRANSGENEROS, QUEER, INTERSEXOS, ASSEXUAIS E+.",ESCRITORIOARAUCARIA.CONTABILIDADE@OUTLOOK.COM,RUA VAZ CAMINHA,44 30351530,Associação Privada,Ativas
1422522,ASSOCIACAO DOS AUDITORES FISCAIS TRIBUTARIOS DE TOLEDO,ROCHACONTHABIL@ROCHACONTHABIL.COM.BR,"RUA RAIMUNDO LEONARDI, SALA  02",45 30545814,Associação Privada,Ativas
1422511,ASSOCIACAO DO CAMINHO DE SANTIAGO DE DOIS VIZINHOS,LEGALIZACAO1@GERENCIALCONTABIL.COM.BR,AVENIDA PREF. DEDI BARRICHELO MONTAGNER,46 35364269,Associação Privada,Ativas
1422540,ASSOCIACAO PRIMAVERA DA PSICULTURA E HORTIFRUTICULTURA DE RIBEIRAO DO PINHAL,AG.TIMOTEO@HOTMAIL.COM,"RUA PROFESSORA LEA BRANDAO DOS SANTOS, CASA  EST PROL JD PRIMAVER",43 98007998,Associação Privada,Ativas
1422558,ASSOCIACAO BRASILEIRA DE AGRICULTURA CELULAR,CONTATO@CONTATO.COM.BR,"RUA PEDRO FABRI, CASA  VII                 COND  PEDRO ALVES CABRAL C",41 30390051,Associação Privada,Ativas
1422555,IGREJA EVANGELICA ASSEMBLEIA DE DEUS JARDIM ALEGRE - PR - MINISTERIO LUGAR DA ALEGRIA,IEADJALUGARDAALEGRIA@GMAIL.COM,RUA SANTA RITA,43 96239868,Organização Religiosa,Ativas
1422561,EXEMPLO N 3379,ARLS.EXEMPLO3379@GMAIL.COM,"AVENIDA AYRTON SENNA DA SILVA, SALA  501",43 99839113,Associação Privada,Ativas
1422565,ASSOCIACAO DOS COLABORADORES DA PARANAPANEMA SERRANA - ACOPS,ASSOCIACAO.ACOPS@GMAIL.COM,RUA MINAS GERAIS,43 91752202,Associação Privada,Ativas
1422674,COMUNIDADE CRISTA ETERNA GRACA,CONTABILIDADE.INCENTIVA@GMAIL.COM,RODOVIA ENG DARCI GOMES DE MORAES,27 96433108,Organização Religiosa,Ativas
1422613,INSTITUTO ESPIRITUAL JAGUAR MEDICINAS,KAROLGUBERT@GMAIL.COM,"RUA JOSE REBELATO, APT   11C                 ANDAR 01                  COND  NAO INFORMADO       BLOCO ISABELA BL C",41 97065062,Organização Religiosa,Ativas
1422735,ASSOCIACAO RECREATIVA E CULTURAL PINHEIROS FUTEBOL SETE,HIAGO_ALEXANDRE@OUTLOOK.COM,RUA PATRICIO BAGOLIN,41 88003292,Associação Privada,Ativas
1422675,TERREIRO DE CANDOMBLE ILE ASE ODE ERINLE,EDERTONGUSTAVO@HOTMAIL.COM,RUA RONDONIA,44 88400355,Organização Religiosa,Ativas
1422708,PROJETO EDIFICANDO VIDAS,FIEB.ADM2021@GMAIL.COM,RUA LAERTES LUIZ FOGGIATO,41 95201971,Associação Privada,Ativas
1422747,ASSOCIACAO BRASILEIRA DE FABRICANTES DE ADJUVANTES AGRICOLAS (APLICA),CONTATO@APLICABR.COM.BR,RUA NESTOR LIBONI,11 38152153,Associação Privada,Ativas
1422764,ASSOCIACAO BLOCO D-34,VITOROTTOBONIPAVAN@GMAIL.COM,AVENIDA XV DE NOVEMBRO,44 99708000,Associação Privada,Ativas
1422835,ASSOCIACAO DE PAIS DA GINASTICA DE PATO BRANCO AGIPB,AGIPB.PATOBRANCO@GMAIL.COM,RUA PEDRO JOSE DA SILVA,46 99586161,Associação Privada,Ativas
1422868,IGREJA EVANGELICA PLENITUDE EBENEZER,FIEB.ADM2021@GMAIL.COM,RUA NELSON ARGENTA,41 95201971,Organização Religiosa,Ativas
1422884,CLUBE DO LACO TRES IRMAOS,BBIGOTO@HOTMAIL.COM,"ESTRADA ESTRADA BARBALHO, KM 01, LOTE  CHACARA 3 IRMAOS",44 99653554,Associação Privada,Ativas
1422910,ASSOCIACAO DOS PRODUTORES AGRICOLAS DE PLANALTINA DO PARANA - PR,CONTABIL_CONFIANCA@HOTMAIL.COM,AVENIDA PRINCIPAL,44 34351727,Associação Privada,Ativas
1422920,TERREIRO DE UMBANDA DESPERTAR DAS ALMAS,DESPERTARDASALMAS@GMAIL.COM,RUA NOVA TIROL,41 98734981,Organização Religiosa,Ativas
1422909,CENTRO DE UMBANDA CASA DO PAI ANTONIO,PAULOROMANELLI@YAHOO.COM.BR,"RUA SANTA CATARINA, SALA  204",43 96861392,Organização Religiosa,Ativas
1422985,IGREJA MINISTERIO RESPOSTA SABAUDIA,JOSEPAULOLEITZ@SERCOMTEL.COM.BR,RUA RUA PRESIDENTE CAMPOS SALES,43 99598907,Organização Religiosa,Ativas
1423000,INSTITUICAO ESPIRITA DE PAICANDU UNIAO ESPIRITA ALLAN KARDEC,SECRETARIA6@ESCGOMES.COM.BR,RUA MARILIA,44 32203300,Organização Religiosa,Ativas
1423015,DIRETORIO CENTRAL DOS ESTUDANTES DA PONTIFICIA UNIVERSIDADE CATOLICA DO PARANA - IRMAO CLEMENTE IVO JULIATTO,DIRETORIOCEPUCPR@GMAIL.COM,RUA IMACULADA CONCEICAO,41 99531475,Associação Privada,Ativas
1423021,IGREJA CRISTA APRISCO,ROGERIOCMV@YAHOO.COM.BR,AVENIDA PARANAVAI,41 97232592,Organização Religiosa,Ativas
1423047,ASSOCIACAO DE MORADORES QUINTAS DO MARUMBI,LUIZ@ADVOCACIATRABALHISTA.COM.BR,ESTRADA AMERICA DE CIMA,41 88115815,Associação Privada,Ativas
1423108,ASSOCIACAO DOS MORADORES DO RESIDENCIAL SOLO SAGRADO DE APUCARANA,MARCOSDIASADV@GMAIL.COM,RUA TEREZA SANTOS,43 99363413,Associação Privada,Ativas
1423124,CLUBE DO LACO RANCHO COYOTE,JOAOVINICIUSGTA@GMAIL.COM,AVENIDA DAS AMERICAS,44 91339438,Associação Privada,Ativas
1423129,CFM PUCPR T88,JOAOSANTINI04@GMAIL.COM,"AVENIDA REPUBLICA ARGENTINA, APT   804                 ANDAR 08                  COND  NAO INFORMADO       BLOCO CIDADE CANCAO",41 88351230,Associação Privada,Ativas
1384969,ASSOCIACAO GALILEU,G-MACIEL@GMAIL.COM,RUA HERMENEGILDO BONAT,41 98545266,Associação Privada,Ativas
1423167,ASSOCIACAO DOS PESCADORES ARTESANAIS DE CAIEIRAS (APAC),ANTONIOZECAPESCA@GMAIL.COM,RUA RUA SATURNINO DAS NEVES,41 98812852,Associação Privada,Ativas
1423242,INSTITUTO ACOLHA BICHO,ACOLHABICHO@GMAIL.COM,"RUA JOSE ANTONIO LEPREVOST, CASA  62                  COND  JARDIM VERGINIA VIII",41 92340606,Associação Privada,Ativas
1423288,MINISTERIO PORTADORES DA LUZ,PR.MARCELOWERLE@HOTMAIL.COM,"AVENIDA GIL DE ABREU SOUZA, CASA  701",43 91199595,Organização Religiosa,Ativas
1423292,DIRETORIO ACADEMICO DE TSI E COMPUTACAO DA UTFPR - CAMPUS TOLEDO,DATCOM.UTFPRTD@GMAIL.COM,RUA CRISTO REI,45 98457822,Associação Privada,Ativas
1423480,IGREJA EVANGELHO DO REINO,IGREJA@GMAIL.COM,RUA SANTO NAVASCONI,44 99102629,Associação Privada,Ativas
1423523,ASSOCIACAO SAO MIGUEL,MCQICONTABIL@GMAIL.COM,COMUNIDADE LINHA ALTO ALEGRE,46 99073268,Associação Privada,Ativas
1423607,ASSOCIACAO DOS AGRICULTORES FAMILIARES DE ANTONINA (AAFA),AAFA.ASSOCIACAO@GMAIL.COM,ESTRADA ESTRADA PARA A FAISQUEIRA,41 99850987,Associação Privada,Ativas
1423754,ASSOCIACAO DE PRODUTORES AMIGOS DA TERRA (APAT),ADEMIRFARTO717@GMAIL.COM,"SITIO SANTO ANTONIO, PONTAL DO TIGRE - GRUPO CAPANEMA",44 97679778,Associação Privada,Ativas
1423690,ASSOCIACAO BRASILEIRA DE CULTURA WEB3,MALDONADO.DIEGO@OUTLOOK.COM,RUA PRESIDENTE CARLOS CAVALCANTI,41 98136312,Associação Privada,Ativas
1423803,INSTITUTO LIRIOS DE SAO JOSE,ARIANE.MERCURIO@GMAIL.COM,RUA PERNAMBUCO,43 96008850,Associação Privada,Ativas
1423822,IGREJA EVANGELICA ASSEMBLEIA DE DEUS - MINISTERIO DE MADUREIRA EM SANTO ANTONIO DO PARAISO - PR,FALECOM@SECUNDO.ADV.BR,RUA OSVALDO ALCANTARA FERREIRA,43 98334744,Organização Religiosa,Ativas
1423910,CENTRO ESPIRITA MARIA DE NAZARE,LUIZ@GRUPOELUX.COM.BR,"RUA GERTRUDE HECK FRITZEN,PIONEIRA, ANEXO SALA 01",44 98301415,Organização Religiosa,Ativas
1423860,ASSOCIACAO DA AGUA DA COMUNIDADE DE NOVA SANTANA,GELSONOLIVEIRA427@GMAIL.COM,COMUNIDADE LINHA NOVA SANTANA,46 99182839,Associação Privada,Ativas
1424062,ASSOCIACAO MARINGA BASQUETE MASTER,VSLUIZCARLOS@GMAIL.COM,"AVENIDA ITORORO, SALA  01                  QUADRA052                 LOTE  012",44 99722565,Associação Privada,Ativas
1424064,ASSOCIACAO VIRA LATA VIRA AMOR,ATALAIA_CONT@YAHOO.COM.BR,RUA MARECHAL FLORIANO PEIXOTO,42 35421281,Associação Privada,Ativas
1424113,ASSOCIACAO AMETRA - CUIDAR DE QUEM CUIDA,AMETRACUIDARDEQUEMCUIDA@HOTMAIL.COM,RUA JOAQUIM MURTINHO,44 91236001,Associação Privada,Ativas
1424110,ORGANIZACAO NAO GOVERNAMENTAL DE AJUDA A ANIMAIS DESABRIGADOS DE JAGUARIAIVA - UNIAO ANIMAL,JFRISANCOCONTABILIDADE@HOTMAIL.COM,RUA ROMA,43 98287996,Associação Privada,Ativas
1424251,ASSOCIACAO DA BACIA LEITEIRA DO CHARQUEADO,CONTVIR_MANO@HOTMAIL.COM,ACAMPAMENTO 1º DE MAIO,42 98160217,Associação Privada,Ativas
1424181,"CENTRO ESPIRITA BENEFICENTE UNIAO DO VEGETAL, NUCLEO ESTRELA DE MARIA",PRES.ESTRELADEMARIA@UDV.ORG.BR,RUA GUILHERME MORENO,61 91582826,Organização Religiosa,Ativas
1424456,IGREJA VIVENDO O REINO,CONTATO@MDOCONTROLADORIA.COM.BR,RUA JOAO BATISTA FRIGOLA,00 10000000,Organização Religiosa,Ativas
1424778,RECANTO FLOR DA MATA,DNCONTABILIDADE@OUTLOOK.COM,"ESTRADA ESPIGAO SAUDE-BOM SUCESSO, LOTE  167/B2              CONJ  GLEBA JACUTINGA",43 31549513,Associação Privada,Ativas
1424721,ASSOCIACAO DE JOGADORES MASTER DO NACIONAL DE ROLANDIA,CONTATO@IRGESTAOEMVAREJO.COM.BR,RUA JOSE BONIFACIO,43 32565139,Associação Privada,Ativas
1424623,MINISTERIO QUERO VIVER PORTO MEIRA,QVPORTOMEIRA@GMAIL.COM,RUA TURQUESA,45 99990169,Organização Religiosa,Ativas
1424542,ASSOCIACAO AMEIXEIRAS FUTEBOL CLUBE,AAFC@GMAIL.COM,ESTRADA COXILHAO DAS AMEIXEIRAS,42 99095703,Associação Privada,Ativas
1424789,ASSOCIACAO VIDAS EM CAMPO DINAMO KICKERS,TTN.ARAUJO@GMAIL.COM,RUA ANGELO MAZZAROTTO,41 98676435,Associação Privada,Ativas
1424823,ASSOCIACAO CAMPUS SOCIAL,FINANCEIRO@CCCBRASIL.COM,AVENIDA DA INTEGRACAO,41 32032000,Associação Privada,Ativas
1425208,ATI - ASSOCIACAO DE TRANSPORTADORES IGUARACU,ASSOCIACAOIGUARACU@GMAIL.COM,"AVENIDA DOS IPES, BLOCO C - PISO SUPERIOR",44 98692220,Associação Privada,Ativas
1424873,IGREJA EVANGELICA CONGREGACIONAL EM ALEMOA,IECALEMOA@GMAIL.COM,RUA JOAO ALVES DE OLIVEIRA,43 99326872,Organização Religiosa,Ativas
1424854,ASSOCIACAO DE AGRICULTORES LINHA DOS POLACOS DA LINHA NOVA VITORIA,CONCEITOCONTABILIDADE02@HOTMAIL.COM,SITIO LINHA NOVA VITORIA,46 99774657,Associação Privada,Ativas
1425124,ASSOCIACAO DO MICRO ABASTECIMENTO DE AGUA DA MANGUEIRINHA,AGUANOVAESPERANCA2023@GMAIL.COM,VILA LOCALIDADE DA MANGUEIRINHA,42 34601687,Associação Privada,Ativas
1425084,ASSOCIACAO DE CATADORES SP ESMERALDA - ACSPE,ASSOCIACAOACSPE@GMAIL.COM,RUA OPALA,45 98282593,Associação Privada,Ativas
1425340,ASSOCIACAO DE MULHERES ORIGINARIAS DA TERRA INDIGENA APUCARANINHA - AMOTIA,AMOTIAORIGINARIAS@GMAIL.COM,COMUNIDADE TERRA INDIGENA APUCARANINHA,43 98301258,Associação Privada,Ativas
1425375,ASSOCIACAO AMOR RARO,KA_BSS@HOTMAIL.COM,RUA ENOEMIA CARVALHO SCHMITT,46 99337824,Associação Privada,Ativas
1425422,COMUNIDADE VISA REFUGIO,MANTECIMANUTENCOES@HOTMAIL.COM,AVENIDA PRESIDENTE GETULIO VARGAS,41 96388741,Organização Religiosa,Ativas
1425451,CENTRO DE TRADICOES GAUCHAS RINCAO NOVO,XXXXX@GMAIL.COM,RUA RODOLFO CASSOU,42 90000000,Associação Privada,Ativas
1425622,IGREJA PENTECOSTAL OS DOZE DISCIPULOS MINISTERIO EVANGELIZAR,CONTATO@CONTASANTOS.COM.BR,RUA MIGUEL ROSSETIM,41 98814164,Organização Religiosa,Ativas
1425487,ASSOCIACAO DOS AMIGOS DO HOSPITAL REGIONAL DO LITORAL,AAHRLCONTATO@GMAIL.COM,RUA JUSCELINO KUBITSCHEK,41 98151900,Associação Privada,Ativas
1425512,"ASSOCIACAO ESPORTIVA, RECREATIVA E CULTURAL TREM FANTASMA",TREMFANTASMA09@GMAIL.COM,AVENIDA VISCONDE DE MAUA,42 99974887,Associação Privada,Ativas
1425507,ASSOCIACAO MARINGAENSE DE KART - AMK,CADASTRO@ESCRITORIOSAOPAULO.CNT.BR,RODOVIA PR 317,44 32263417,Associação Privada,Ativas
1425659,APROBEL - ASSOCIACAO DE PRODUTORES DE OVOS FERTEIS BELA VISTA,FISCAL@SIGHA.COM.BR,ESTRADA RURAL,45 99934582,Associação Privada,Ativas
1425662,ASSOCIACAO CONSERVADORA DE DIREITA TOLEDO PARANA,ASSOCIACAO.DIREITA.TOLEDO.PARANA@GMAIL.COM,RUA VILLA-LOBOS,45 99931275,Associação Privada,Ativas
1425671,ISASRC INSTITUTO SOLIDARIO DE AMIGOS SANTA RITA DE CASSIA,FEMOCLAM@HOTMAIL.COM,RUA CONSTANTINO JOSE DE ALMEIDA,41 98255203,Associação Privada,Ativas
1425699,ASSOCIACAO DOS PRODUTORES DE LEITE SANTA LUCIA,LEGALIZACAO1@GERENCIALCONTABIL.COM.BR,"ESTRADA LINHA SANTA LUCIA, LOTE  100 GLEBA 31 DV",46 99352291,Associação Privada,Ativas
1425731,ASSOCIACAO ARENA KJ,ADILSON4225@HOTMAIL.COM,RUA CICUTA,46 99181867,Associação Privada,Ativas
1425709,ASSOCIACAO DO CLUBE DE MAES UNIDOS EM CRISTO,CONTABILCOLINAVERDE@GMAIL.COM,RUA RUA OLIMPIO GOEDERT,46 35382578,Associação Privada,Ativas
1425770,INSTITUTO ASSISTENCIAL NATUROPATICO DA TRIPLICE FRONTEIRA,IAN.TRIPLICEFRONTEIRA@GMAIL.COM,RUA BELARMINO DE MENDONCA,45 99478475,Associação Privada,Ativas
1425771,ASSOCIACAO RECREATIVA A FAZENDINHA,ADEMIR@PIRAMIDECONTABILIDADE.COM.BR,AVENIDA RIO GRANDE DO SUL,45 32541802,Associação Privada,Ativas
1425896,INSTITUTO DE PESQUISA E DESENVOLVIMENTO DE DOIS VIZINHOS,LEGALIZACAO1@GERENCIALCONTABIL.COM.BR,AVENIDA PREFEITO DEDI BARICHELLO MONTAGNER,46 99321927,Associação Privada,Ativas
1425897,ASSOCIACAO DOS PRODUTORES RURAIS DO PIRACEMA,CLAUDIONALVORADA@HOTMAIL.COM,COMUNIDADE LINHA PIRACEMA,46 91119400,Associação Privada,Ativas
1425922,ASSOCIACAO DE PROTECAO DOS ANIMAIS DE IPORA,JCAXIADO69@GMAIL.COM,RUA CAMPOS SALES,44 97679970,Associação Privada,Ativas
1425964,INSTITUTO MUSEU BORBOLETARIO MARILENE DAIBERT DE ARAUJO,CONTATO@CONTABILIDADETHOM.COM.BR,"RUA ANDORINHAS,DAS",44 88297837,Associação Privada,Ativas
1425969,ENVIE ESCOLA MISSIONARIA,ENVIEESCOLAMISSIONARIA@GMAIL.COM,RUA PEDRO MASCARENHAS RIBAS,42 99537003,Associação Privada,Ativas
1426012,SUL BRASILEIRA BENEFICIOS E SOCORRO MUTUO,JULIOGUBERT2002@GMAIL.COM,RUA MIGUEL COUTO,42 98359021,Associação Privada,Ativas
1426026,ASSOCIACAO PORTO AMAZONENSE DE APICULTORES E MELIPONICULTORES,JOSUERIBAS26@GMAIL.COM,RUA EDUARDO DAMIAO PORTELA,42 99124216,Associação Privada,Ativas
1426238,ASSOCIACAO PANTERA DO VALE,,RUA PRUDENTE DE MORAIS,42 99900099,Associação Privada,Ativas
1426314,ESPORTE CLUBE PIAZADA SEM GRIFE,EC.PSG21@GMAIL.COM,RUA BRASILIA,45 99999999,Associação Privada,Ativas
1426211,IGREJA DA COMUNIDADE EVANGELICA AMOR E VIDA,LEONILDOS.CASADO@GMAIL.COM,RUA SONIR GONCALVES DA LUZ,41 96039332,Organização Religiosa,Ativas
1426352,ESSENCIAL ASSOCIACAO DE MUTUOS BENEFICIOS,ESSENCIALPROTECAO@OUTLOOK.COM,"RODOVIA PR-412 ENGENHEIRO DARCI GOMES DE MORAES, SALA  01",41 84172222,Associação Privada,Ativas
1426397,INSTITUTO DE APOIO A MUSEUS E PATRIMONIO,CONTATO@CONTABILIDADETHOM.COM.BR,"RUA ANDORINHAS,DAS",44 30251062,Associação Privada,Ativas
1426412,IGREJA EVANGELICA UNIDOS EM CRISTO CHURCH,CONTABIL@DUCCICONTABILIDADE.COM.BR,RUA DESEMBARGADOR CID CAMPELO,41 35240154,Organização Religiosa,Ativas
1426490,ASSOCIACAO COMUNITARIA DE MORADORES DO BAIRRO BELA VISTA (ACMBBV),ESCNOVOPLANALTO@GMAIL.COM,"RUA WALDEMAR OTTO, QUADRA001                 LOTE  06",42 98283759,Associação Privada,Ativas
1426495,ASSOCIACAO ALPHA VOLEI,CRISTIANOMUSSIO@YAHOO.COM.BR,RUA CRESCENCIO DE OLIVEIRA PONTES,46 88271637,Associação Privada,Ativas
1426529,ASSOCIACAO ESPORTIVA NAO TENHA MEDO DE RECOMECAR,NAOTENHAMEDODERECOMECARJIUJITS@GMAIL.COM,"AVENIDA BRASIL, SALA  03                  ANDAR SOBRE LOJA",47 96626449,Associação Privada,Ativas
1426628,COMUNIDADE EVANGELICA O GRITO DOS SACERDOTES,L.CONSULTORIAENEGOCIOS@GMAIL.COM,RUA ANTONIO DE ANDRADE,41 97950752,Organização Religiosa,Ativas
1426508,ONG AMOR AO PROXIMO,TCCSLCACC2009@HOTMAIL.COM,RUA EDSON CAMPOS MATESICH,41 99160244,Associação Privada,Ativas
1426669,ASSOCIACAO CLUBE DE MAES DE NOVO SARANDI - GRUPO RENOVACAO,ESCRITORIOMACCARI.MEOTTI@HOTMAIL.COM,AVENIDA RIO DE JANEIRO,45 32731121,Associação Privada,Ativas
1426700,INSTITUTO FONTE ORION,FONTEORION@GMAIL.COM,RUA JACOB CECCON,41 85075542,Organização Religiosa,Ativas
1426769,ASSOCIACAO AMIGOS DOS PETS DE MARINGA,AMIGOSDOSPETSDEMARINGA@HOTMAIL.COM,"AVENIDA GETULIO VARGAS, SALA  305",44 84334913,Associação Privada,Ativas
1426756,ASSOCIACAO PERNAS DE PAU,AMIGOSPERNASDEPAU@GMAIL.COM,RUA SARGENTO RAMIRO DA SILVA,46 99002800,Associação Privada,Ativas
1426799,CLUBE DA LUTA IPORA,BANDEIRANTES@NSIONLINE.COM.BR,AVENIDA PRESIDENTE CASTELO BRANCO,44 99186007,Associação Privada,Ativas
1426831,"ASSOCIACAO DOS MORADORES, EMPRESARIOS, FUNCIONARIOS E AMIGOS DA RODOVIA DA UVA",ASSOCIACAORODOVIA@GMAIL.COM,"RODOVIA DA UVA, ANDAR SEGUNDO             SALA  1",41 87397977,Associação Privada,Ativas
1426796,ASSOCIACAO PRO-CONSTRUCAO DO EDIFICIO URSULA WALDRAFF,CONTABILIDADE@HEIFRAN.COM.BR,RUA DR. CARLOS CAVALCANTE,42 35222543,Associação Privada,Ativas
1426955,VIAVANTE,CONTATO@BUSINESSGESTAO.COM.BR,"RUA SIQUEIRA CAMPOS, QUADRA93                  LOTE  07                  ANDAR 02                  SALA  4 - B",45 88224299,Associação Privada,Ativas
1426896,RECANTO DA MATA II,DNCONTABILIDADE@OUTLOOK.COM,"ESTRADA MAJOR ACHILLES PIMPAO FERREIRA, LOTE  II",43 31549513,Associação Privada,Ativas
1427162,BRASIL MUTUO - ASSOCIACAO SULISTA DE BENEFICIOS E SOCORRO MUTUO,O.K.PROTEGE@GMAIL.COM,"AVENIDA WINSTON CHURCHILL, SALA  106                 ANDAR 01                  COND  NAO INFORMADO       BLOCO TORRE SUL",41 98111297,Associação Privada,Suspensas
1427043,IGREJA EVANGELICA AVIVAMENTO BIBLICO EM ALMIRANTE TAMANDARE,MAGARIDTM@GMAIL.COM,RUA RIO PARANA,41 95118723,Organização Religiosa,Ativas
1427149,ONG PATINHAS CARENTES LAPA PR,ONGPATINHASCARENTESLAPA@GMAIL.COM,RUA PROFESSOR CARLOS WEILL,41 87455068,Associação Privada,Ativas
1427114,CENTRO ACADEMICO RENE ARIEL DOTTI,CARAD.DIREITO@GMAIL.COM,RUA VALENTIN CELESTE PALAVRO,45 98379545,Associação Privada,Ativas
1427151,ASSOCIACAO ESPORTIVA PROJETO REVELA DE LONDRINA - PARANA,REVELALONDRINA@GMAIL.COM,RUA VENEZUELA,43 96089229,Associação Privada,Ativas
1427176,ASSOCIACAO DESPORTIVA DE ARTES MARCIAIS DE MARIOPOLIS - ADAMM,SILVIA19POLI@HOTMAIL.COM,ALAMEDA CINCO,46 88095848,Associação Privada,Ativas
1427244,IGREJA EVANGELICA KAIROS,JAMIRO.SIZANOSKY@HOTMAIL.COM,AVENIDA BELMIRO SEBASTIAO MARQUES,41 91715905,Organização Religiosa,Ativas
1427249,IGREJA BATISTA DO AVIVAMENTO DE IMBITUVA MINISTERIO O MILAGRE,IBAIMBITUVA@GMAIL.COM.BR,"AVENIDA ALDEBARAN BRASIL, BRCAO 02",42 99491950,Organização Religiosa,Ativas
1427245,ESCOLA MAE DO BOM CONSELHO,LEGALIZACAO.RBS@REDESMARTI.COM.BR,RUA SAO FELIPE,41 36524928,Associação Privada,Ativas
1427251,PRIMEIRA IGREJA BATISTA DO SETIMO DIA,SOLUCAO.CONTABILIDADE@YAHOO.COM,RUA QUINTINO BOCAIUVA,42 32372192,Organização Religiosa,Ativas
1427258,ASSOCIACAO DOS PRODUTORES RURAL NA APICULTURA DE QUERENCIA DO NORTE,ADALBERTOGUAITANELE@GMAIL.COM,ACESSO P.A. PONTAL DO TIGRE,44 99899617,Associação Privada,Ativas
1427259,CONSEG - CONSELHO COMUNITARIO DE SEGURANCA DE NOVA TEBAS,MILENIONOVATEBAS@HOTMAIL.COM,RUA SAO BENEDITO,42 98221810,Associação Privada,Ativas
1427269,ASSOCIACAO HORIZONTE SEGURO,HENRIQUEMORALES_90@HOTMAIL.COM,RUA SETE DE SETEMBRO,44 36491156,Associação Privada,Ativas
1427299,INSTITUTO BRASILEIRO DE DIREITO REGULATORIO (IBDRE),CONTROLE@GTECON.COM.BR,"RUA EMILIANO PERNETA, SALA  93                  ANDAR 09                  COND  METROPOLITAN BUILDIN",41 30194139,Associação Privada,Ativas
1427355,ASSOCIACAO MAO NA MASSA DE RESPONSABILIDADE SOCIAL,ADM2@CONTECPR.COM.BR,RUA MAJOR VICENTE DE CASTRO,41 30760170,Associação Privada,Ativas
1427444,IGREJA BATISTA AGUA VIVA DE SAO JOSE DOS PINHAIS,JEMUEL.FERREIRA@GMAIL.COM,"RUA IZAAC FERREIRA DA CRUZ, LOJA  12                  ANDAR TR                  COND  IZAAC FERREIRA DA CR",11 40751506,Organização Religiosa,Ativas
1427369,ASSOCIACAO DE ALUNOS DO CURSO DE MEDICINA DA PONTIFICIA UNIVERSIDADE CATOLICA DO PARANA - TURMA 2021-2027,FER.DBNI@GMAIL.COM,"AVENIDA ANITA GARIBALDI, APT   801                 ANDAR 08                  COND  NAO INFORMADO       BLOCO PORTAL DO CABRAL BL",41 91575774,Associação Privada,Ativas
1427610,ASSOCIACAO DOS PRODUTORES RURAIS GRACENSE,MARCILIOFARIASNSG@HOTMAIL.COM,"VILA RURAL ANTONIO JORGE DE SOUZA, LOTE  LT 04 QD01",44 97172835,Associação Privada,Ativas
1427531,AICN-ASSOCIACAO INTERNACIONAL CRISTO PARA AS NACOES,AIB.BARZILAIBR@OUTLOOK.COM,"RUA MARECHAL DEODORO, CONJ  0401                COND  TAUNAY ED VISCONDE EBLOCO DE",41 95188446,Associação Privada,Ativas
1427485,ASSOCIACAO DO MICRO SISTEMA DE ABASTECIMENTO DE AGUA DO RIO D'AREIA DE CIMA,HIDRORIO2023@GMAIL.COM,VILA LOCALIDADE DE RIO D'AREIA DE CIMA,42 99370612,Associação Privada,Ativas
1427525,ASSOCIACAO KASHIKOI DE KARATE SHOTOKAN,CLEVERSONMORALES076@GMAIL.COM,RUA QUATRO PONTES,45 30288695,Associação Privada,Ativas
1427780,ASSOCIACAO DE MORADORES REFUGE PARQUE BACACHERI,CONTABIL@CONTHIC.COM.BR,RUA ARQUIMEDES CRUZ,41 30860838,Associação Privada,Ativas
1427797,RM FUTEBOL CLUBE,RM.ELETRONICA333@HOTMAIL.OM,RUA CONSELHEIRO JESUINO MARCONDES,42 98036526,Associação Privada,Ativas
1427890,ASSOCIACAO CULTURAL BLOCO AFRO PRETINHOSIDADE,BLOCOAFROPRETINHOSIDADE@GMAIL.COM,RUA JOSEFINA ZANIER,41 98522381,Associação Privada,Ativas
1427907,ASSOCIACAO DE APOIO AO CAPOERISTA DO PARANA - AACP,LUIZMASSERA@GMAIL.COM,RUA DOUTOR LUIZ LOSSO FILHO,41 96796354,Associação Privada,Ativas
1427913,ASSOCIACAO DE DESENVOLVIMENTO COMUNITARIO DE SALTINHO - PARANA,ADECOSALTIVAI@GMAIL.COM,COMUNIDADE SALTINHO,42 98491613,Associação Privada,Ativas
1427952,ASSOCIACAO DOS AGENTES DE POLICIA JUDICIARIA DO PARANA,HACLISSON@YAHOO.COM.BR,RODOVIA JOAO LEOPOLDO JACOMEL - RODOVIA DAS AGUAS,41 88403955,Associação Privada,Ativas
1427960,IGREJA EVANGELICA ASSEMBLEIA DE DEUS DO CAMPO ECLESIASTICO DE ASTORGA - PR,IEADASTV@GMAIL.COM,RUA PAULO TADASHI SATOMI,43 99120389,Organização Religiosa,Ativas
1427961,IGREJA EVANGELICA ASSEMBLEIA DE DEUS DO CAMPO ECLESIASTICO DE ASTORGA - PR,IEADASTV@GMAIL.COM,RUA LIDIA CETUCO KOSUDI,43 99120389,Organização Religiosa,Ativas
1428146,DANDELION - ASSOCIACAO DE APOIO E INTERVENCAO INTERDISCIPLINAR,DAISYCAPRIOLI@GMAIL.COM,"RUA PREFEITO HUGO CABRAL, APT   31",43 20026086,Associação Privada,Ativas
1427962,IGREJA EVANGELICA ASSEMBLEIA DE DEUS DO CAMPO ECLESIASTICO DE ASTORGA - PR,IEADASTV@GMAIL.COM,RUA SALVADOR ALVES,43 99120389,Organização Religiosa,Ativas
1427985,INSTITUTO PARA SEMPRE LUNA,IZAPICELLI2020@GMAIL.COM,AVENIDA CIRILLO CURTTI,43 91288580,Associação Privada,Ativas
1428163,ASSOCIACAO RELIGIOSA TENDA CABOCLO OXOSSI,DANIELLECCRUZ@GMAIL.COM,RUA JOSE ALCIDES DE LIMA,41 84943268,Organização Religiosa,Ativas
1428157,ASSOCIACAO RCS/GTBA,WILLIAMEDEH2015@GMAIL.COM,RUA CARLOS MACIEL DA SILVA,41 97177315,Associação Privada,Ativas
1428192,ASSOCIACAO DOS CATADORES DE MATERIAIS RECICLAVEIS DE PORECATU - PR,MTLASSESSORIACONTABIL@GMAIL.COM,RUA MANOEL FERNANDES DE MATTOS,43 91254196,Associação Privada,Ativas
1428259,SUBLIME CAPITULO DO RITO MODERNO OU FRANCES DE CURITIBA,SCPRMF@GMAIL.COM,RUA ANTONIO MARTINS DE ARAUJO,41 99008601,Associação Privada,Ativas
1428293,INSTITUTO SAO JOSEENSE DE PARADESPORTO,EDUMARATONISTA@GMAIL.COM,RUA VEREADOR ARY HOFF,41 33003367,Associação Privada,Ativas
1428396,INSTITUTO MUSEU DAS ABELHAS,CRISTHIANOFERRAZ@TAFE.IND.BR,"RUA IZALTINO MARTINS GOMES,PIONEIRO, CASA  A",44 99999999,Associação Privada,Ativas
1428651,IGREJA CRISTA PENTECOSTAL AMOR E FE,VIEIRALUCAS623@GMAIL.COM,RUA BATUIRA DO CAMPO,43 84225786,Organização Religiosa,Ativas
1428556,IGREJA EVANGELICA ASSEMBLEIA DE DEUS MANOEL RIBAS - PR,IEADMANOELRIBAS@GMAIL.COM,RUA PARANA,43 99548610,Organização Religiosa,Ativas
1428561,IGREJA EVANGELICA PENTECOSTAL JOELHOS QUE SE DOBRAM,ELISEUCORREASILVA@GMAIL.COM,RUA FRANCISCO DE ALMEIDA,47 88199372,Organização Religiosa,Ativas
1428747,PROJETO MULHER UNICA TU ESTAS LIVRE,FIEB.ADM2024@GMAIL.COM,RUA INACIO LUSTOSA,41 95201971,Associação Privada,Ativas
1428836,ASSOCIACAO ESPORTIVA VITORINENSE,AEVI_VITORINO2024@HOTMAIL.COM,"AVENIDA BRASIL ARGENTINA, SALA  COMERCIAL",46 32271512,Associação Privada,Ativas
1428851,TENDA DE UMBANDA CABOCLO TUPINAMBA,ESCOFERBUROC@HOTMAIL.COM,RUA MARUMBI,41 98802375,Associação Privada,Ativas
1428882,INSTITUTO MAIS ZOO,CONTATO@MAISZOO.COM.BR,"RUA ALCIDIO VIANA, SALA  803",41 92721907,Associação Privada,Ativas
1428990,INSTITUTO MISSIONARIO CRISTO REI,INSTITUTO_CRISTOREI@OUTLOOK.COM,RUA LUIZ CARLOS ZANI,43 99775565,Organização Religiosa,Ativas
1428891,"ASSOC DOS ATLETAS AMAD E PROF DE DIAMANTE D OESTE P O DESENV DESP ATRAVES DO LAZER,CULTURA, EDUC E MEIO AMBIENTE",AADITE@GMAIL.COM,RUA JOAO PESSOA,45 88213006,Associação Privada,Ativas
1428991,ASSOCIACAO DOS PROPRIETARIOS DE LOTES COMERCIAIS NO CONDOMINIO OASIS DO RIO PARANA,CONTATO@EURO.ADM.BR,"RUA RUA ANTONIO CORSETTI, SALA  03",44 30139400,Associação Privada,Ativas
1428995,DAELT - DIRETORIO ACADEMICO DA ELETRICA,LIDERCONTABILTUPA@HOTMAIL.COM,AVENIDA ALBERTO CARAZZAI,14 97659192,Associação Privada,Ativas
1428893,IGREJA EVANGELICA COMUNHAO CRISTA PLENITUDE,JOAO@MPCONSULT.COM.BR,RUA DEPUTADO JOAO LEOPOLDO JACOMEL,41 30183559,Organização Religiosa,Ativas
1429035,ASSOCIACAO BRASILEIRA DE GENETICA MITOCONDRIAL E DOENCAS MITOCONDRIAIS RARAS,PEDROMENDESF17@GMAIL.COM,"AVENIDA BENTO MUNHOZ DA ROCHA NETTO, BLOCO A                   APT   13",44 98074571,Associação Privada,Ativas
1429093,ASSOCIACAO BRASILEIRA DE CANNABIS,JOAO.CONFIAGRO@GMAIL.COM,RODOVIA BR 277 KM 608,45 88024151,Associação Privada,Ativas
1429363,FEDERACAO DE ESPORTES NO GELO DO ESTADO DO PARANA,REIKDAL21@HOTMAIL.COM,AVENIDA CANDIDO HARTMANN,41 95780307,Associação Privada,Ativas
1429147,ASSOCIACAO CULTURAL INSTITUTO AREDE,GERENCIA@GRUPOAREDE.COM.BR,"RUA EMILIO DE MENEZES, SALA  C",42 91240530,Associação Privada,Ativas
1429225,ASSOCIACAO ARTILHEIROS DE CRISTO,PROJETOARTILHEIROSDECRISTO@GMAIL.COM,RUA EVARISTO DA VEIGA,44 99156248,Associação Privada,Ativas
1429304,ASSOCIACAO TEMPO DE AMAR,MICHELLETHEODORO39@GMAIL.COM,RUA ZAMBERLAN,43 96856419,Associação Privada,Ativas
1429240,CENTRO DE TRADICOES GAUCHAS SAO JOAO,JWALIGURSKI@HOTMAIL.COM,ESTRADA MUNICIPAL VARGEM GRANDE - POV SANTANA,42 88618473,Associação Privada,Ativas
1429426,2Z PROMOTORA DE EVENTOS E CAMPEONATOS,MEGASULT@MEGASULT.COM.BR,"RODOVIA BR 158, KM    04",46 32112800,Associação Privada,Ativas
1429435,ASSOCIACAO NET ZERO,RAFAEL@ION3.COM.BR,RUA ANITA GARIBALDI,45 99150597,Associação Privada,Ativas
1429471,INSTITUTO PROSPERIDADE,CONTATO@INSTITUTOPROSPERIDADE.COM.BR,"AVENIDA AYRTON SENNA DA SILVA, SALA  05",11 64014500,Associação Privada,Ativas
1429554,INSTITUTO CULTURA DA PAZ,OBLADEN@OBLADEN.COM.BR,"RUA SAO PEDRO, APT   61                  ANDAR 06                  COND  BACCARAT ED",41 32184800,Associação Privada,Ativas
1429561,ASSOCIACAO CAOMUNIDADE PET,JHAIME-2011@HOTMAIL.COM,"RUA ACUNGUI, LETRA A",41 97526991,Associação Privada,Ativas
1429578,ASSOCIACAO DE MORADORES ALFREDO ZGODA - AMAZ,CADASTRO@FONTANELLA.CNT.BR,RUA VITORINO,46 99425022,Associação Privada,Ativas
1429564,INSTITUTO SAO JOSE,YANEMARAMARA@GMAIL.COM,RUA CASCAVEL,44 99950285,Associação Privada,Ativas
1429605,IGREJA CASA DUNAMIS (ICD),IGREJACASADUNAMISICD@GMAIL.COM,RUA JOSE MARIA DA SILVA PARANHOS,41 84518911,Organização Religiosa,Ativas
1429683,CONEXAO DE EMPREENDEDORES CRISTAOS,CONTATO@EUSOU.PRO,"AVENIDA MARAJO, SALA  01                  LETRA A",44 99784960,Associação Privada,Ativas
1429755,IGREJA EVANGELICA UNIDOS EM CRISTO,SOLUTIONS@SOLUTIONSCONTABILIDADE.COM,RUA JULIO CLETO DA SILVA,42 99353649,Organização Religiosa,Ativas
1429655,"ARCCEEG - ASSOCIACAO DA RADIO COMUNITARIA, CULTURAL, ATIVIDADE EDUCACIONAL E ESPORTIVA DE GUARATUBA",TVGUARATUBA@GMAIL.COM,"AVENIDA MINAS GERAIS, SALA  03",41 98332959,Associação Privada,Ativas
1429810,ASSOCIACAO ITIBERE DE KARATE,RH.LEGALIZACAO.MEP@GMAIL.COM,RUA EDUARDO R HAJ MUSSI,41 96329474,Associação Privada,Ativas
1429841,ASSOCIACAO DOS APICULTORES E MELIPONICULTORES VEREENSES,ESCRITORIOCONTABILVERE@GMAIL.COM,RUA PRINCIPAL,46 35351265,Associação Privada,Ativas
1429783,AUGUSTA E RESPEITAVEL LOJA SIMBOLICA SIR TOM MOORE N. 4717,ROGERIOMENDESJR78@GMAIL.COM,RUA JULIO AUGUSTO ANSIUTTI,41 99781508,Associação Privada,Ativas
1429837,ASSOCIACAO DOS LABORATORIOS DE ANALISES CLINICAS DO SUDOESTE DO PARANA,FELTECHY@HOTMAIL.COM,"RUA BENTO MUNHOZ DA ROCHA NETO, SALA  4                   ANDAR 01",46 99757059,Associação Privada,Ativas
1429986,ASSOCIACAO PARA REGULARIZACAO HABITACIONAL REGULARIZA,LIDIANE.RIZZI@HOTMAIL.COM,"AVENIDA PRESIDENTE KENNEDY, APT   04",46 88117592,Associação Privada,Ativas
1430051,IGREJA MISSIONARIA DO JARDIM BELO HORIZONTE,RODRIGUESELIZIA4@GMAIL.COM,RUA TARQUINO DE ALMEIDA CAMARGO,43 84082547,Organização Religiosa,Ativas
1430006,TRANSFORMACAO - ASSOCIACAO BRASILEIRA DE PROFESSORES E INSTITUICOES DE ENSINO,CONTROLGCONTABILIDADE@GMAIL.COM,"RUA CAPITAO JONAS MATEUS DE ALMEIDA, SALA  C",41 33843359,Associação Privada,Ativas
1430052,ASSOCIACAO DE PROPRIETARIOS MCPWE,ADM@LEXCON.COM.BR,RUA IPIRANGA,41 33762026,Associação Privada,Ativas
1430083,ASSOCIACAO FRONTEIRA CATOLICA - PADRE JOAQUIM D. MARIA DE SANTANA,FRONTEIRACATOLICA@GMAIL.COM,AVENIDA DAS ROSAS,45 99133285,Associação Privada,Ativas
1430101,INSTITUTO KW PERSONA ETICA E CIDADANIA,DHILATAM@GMAIL.COM,"RUA BOM JESUS, SALA  1904                ANDAR 19                  COND  AR 3000 - CABRAL COR",41 99613617,Associação Privada,Ativas
1430086,ASSOCIACAO BARRENSE DE AGRICULTORES DO COQUEIRALZINHO,FRANCISCOPROENCA.ADV@GMAIL.COM,"SITIO PR 515, SETOR S CAP SANTO ANTONIO",43 99648969,Associação Privada,Ativas
1430205,ASSOCIACAO DO MOTO CLUBE SEM LIMITES DE CASTRO,ALESSANDRA@ESCRITORIORAZERA.COM.BR,AVENIDA PREFEITO RONIE CARDOSO,42 99187724,Associação Privada,Ativas
1430276,HUB AGRONOMIA DA UNIVERSIDADE ESTADUAL DE MARINGA,WMCNUNES@UEM.BR,"AVENIDA COLOMBO, BLOCO J35                 SALA  004",44 99675641,Associação Privada,Ativas
1430219,FORMANDO VENCEDORES,JOROPARANZINI@HOTMAIL.COM,RUA ARAGUARI,44 36294001,Associação Privada,Ativas
1430309,ASSOCIACAO DE PAIS DE AUTISTAS E NEURODIVERSOS DE PLANLATO - PARANA - APANP,CONTATO@TOIGOBUENO.COM.BR,"RUA SOLEDADE, SALA  01",46 99113465,Associação Privada,Ativas
1430322,ASSOCIACAO ESPORTIVA ACADEMY,FCCASCAVEL.ACADEMY@GMAIL.COM,"RUA ANTONIO JOSE ELIAS, SALA  01",45 99372025,Associação Privada,Ativas
1430354,CONGREGACAO EVANGELICA LUTERANA CRISTO REI,IGREJALUTERANACAFELANDIA@GMAIL.COM,RUA EUCLIDES ABATTI,45 99670084,Organização Religiosa,Ativas
1430369,INSTITUTO TECENDO AFETOS - ITEA,INSTITUTOTECENDOAFETO@GMAIL.COM,AVENIDA VENEZUELA,41 97036481,Associação Privada,Ativas
1430475,ASSOCIACAO ESPORTIVA DE FUTEBOL AMPERENSE,ASSOCIACAODEFUTEBOLAEFA@GMAIL.COM,RUA GUAIBA,46 99823991,Associação Privada,Ativas
1430494,OITAVA IGREJA BATISTA INDEPENDENTE FILADELFIA,IBIFILADELFIA8@GMAIL.COM,RUA DALONITA,42 98050758,Organização Religiosa,Ativas
1430657,ASSOCIACAO DOS PROPRIETARIOS CONDOMINOS DO CONDOMINIO DE CHACARAS PEREIRA,LUCENISILVERIO10@HOTMAIL.COM,"ESTRADA R1 - CONDOMINIO DE CHACARAS PEREIRA, LOTE  LR 231-R SUBD CH 231",44 97223573,Associação Privada,Ativas
1430587,SEMINARIO MAIOR DE FILOSOFIA SAO JOSE DE PONTA GROSSA - PARANA,SEMINARIOMAIORPG@HOTMAIL.COM,RUA EMILIO DE MENEZES,42 32384230,Organização Religiosa,Ativas
1430625,IGREJA PENTECOSTAL MANARA AGUA VIVA DA FONTE,ALISSON@EXCELCONTABILIDADE.COM.BR,RUA CAPITAO LAURO CORREIA REGNIER,41 95035057,Organização Religiosa,Ativas
1430736,ASSOCIACAO BENEFICENTE DOS GRAUS FILOSOFICOS DE RIO NEGRO - PARANA,CARLOSSCHLICHTING60@GMAIL.COM,RUA NICOLAU MADER,47 99114165,Associação Privada,Ativas
1430644,IMATS - INSTITUTO DE MISSOES ATE QUE TODOS SAIBAM,IMATSLONDRINA@GMAIL.COM,RUA NOEL PORFIRIO DE ANDRADE,43 91273367,Associação Privada,Ativas
1430749,ASSOCIACAO DE ARTES MARCIAIS SHUBU-KAI,MESTRENELSON45@GMAIL.COM,RUA HONDURAS,41 92125665,Associação Privada,Ativas
1430773,ASSOCIACAO DOS ESCRITORES DE SAO JOSE DOS PINHAIS,ZORAIDEGOSEK@GMAIL.COM,RUA PEDRO MORO REDESCHI,41 92277208,Associação Privada,Ativas
1430826,INSTITUTO HEMOLAB TEREZINHA VIEIRA,HEMOLABGUAIRA@GMAIL.COM,"RUA FRANCISCO MURTINHO, SALA  01",44 98293841,Associação Privada,Ativas
1430865,ASSOCIACAO BOM JESUS,LSSCONTABILIDADE@UOL.COM.BR,RUA MARECHAL FLORIANO PEIXOTO,44 32751154,Associação Privada,Ativas
1430850,PROJETO LIVRES,RONALDOBLASIUS39@GMAIL.COM,RUA JORGE ANDREGUETTI,11 31061633,Associação Privada,Ativas
1430949,ASSOCIACAO DA AGUA DA CABECEIRA DA BARRA BONITA DE NOVA ESPERANCA DO SUDOESTE,LUIZSPADA8@GMAIL.COM,COMUNIDADE CABECEIRA DA BARRA BONITA,46 35381314,Associação Privada,Ativas
1430895,INSTITUTO TRANSFORMANDO FUTUROS CAMPEOES,LEGALIZACAO@NCKCONTABILIDADE.COM.BR,RUA VEREADOR OSWALDO NASCIMENTO BITTENCOURT,41 33397761,Associação Privada,Ativas
1430900,AFUPRU - ASSOCIACAO DE FUTSAL DE PRUDENTOPOLIS,AFUTSALPRUDE2024@GMAIL.COM,RUA SANTA TEREZA,42 99243598,Associação Privada,Ativas
1430970,ASSOCIACAO AGRO TRES IRMAOS,JESSICAPAULINA607@GMAIL.COM,"ESTRADA EST. ASSENTAMENTO IRMA DOROTHY, LOTE-01",44 91683885,Associação Privada,Ativas
1431067,ASSOCIACAO DO LACO E MONTARIAS - COMUNIDADE MELISSA,ATENDIMENTO1@ESCRITORIOCONTASUL.COM.BR,COMUNIDADE MELISSA,45 99551242,Associação Privada,Ativas
1431135,ASSOCIACAO DESPORTIVA TRIBARRENSE ATLETAS DE BASE - ADTAB,CONTEC@CONTECCTB.COM.BR,RUA MATO GROSSO,45 99113201,Associação Privada,Ativas
1431137,ASSOCIACAO CIVIL DE CONSUMIDORES DE ENERGIA - FATURE,COMERCIAL@FATURESOLUCOES.COM,"RUA RUA BRONISLAU WRONSKI, SALA  01",42 91572711,Associação Privada,Ativas
1431126,ASSOCIACAO PORTO DO SOL DE REALEZA,ALCIRBONATTO@YAHOO.COM.BR,VILA MARMELANDIA,46 99751908,Associação Privada,Ativas
1431368,ASSOCIACAO FILANTROPICA ATITUDE DO BEM - AFAB,THTRISTAO@GMAIL.COM,RUA JOAO CALDANA,43 99379782,Associação Privada,Ativas
1431250,IGREJA CRISTA ALIANCA EM AMOR,CAVALHEIROFRANCIELI@HOTMAIL.COM,RUA TOCANTINS,46 99705814,Organização Religiosa,Ativas
1431300,ASSOCIACAO DE CATADORES DE MATERIAIS RECICLAVEIS DE NOVA ESPERANCA DO SUDOESTE PR,SOCIETARIO_INTACT@HOTMAIL.COM,RUA RICIERI VITORETTI,46 99381767,Associação Privada,Ativas
1431303,ASSOCIACAO MULHERES EMPREENDEDORAS DE ALVORADA DO SUL,BENELLIESCRITORIO@YAHOO.COM.BR,AVENIDA AUGUSTO ALVES,43 91970040,Associação Privada,Ativas
1431392,IGREJA ALIANCA PENTECOSTAL MARCA DA PROMESSA,ATILAAGHATA@GMAIL.COM,RUA ATINGAU,11 75400497,Organização Religiosa,Ativas
1431371,PARA O BEM,ROBERSONLAPUINKA@HOTMAIL.COM,AVENIDA BRASILIA,41 85073783,Associação Privada,Ativas
1431484,ASSOCIACAO DE ESPORTES CAPELA SAO PEDRO,JOROPARANZINI@HOTMAIL.COM,"ESTRADA ESTRADA BERNADELLI, LOTE  629",44 36294001,Associação Privada,Ativas
1431376,ASSOCIACAO FOLIA DE REIS ARARUNA-AFRA,MILENIGARCIAZAVATIN@GMAIL.COM,"RODOVIA PR 465, KM 05 SAIDA PARA PEABIRU",44 97331541,Associação Privada,Ativas
1431384,VOLEAR ASSOCIACAO ESPORTIVA,VOLEAROFICIAL@GMAIL.COM,"RODOVIA BR 116, APT   312                 ANDAR 02                  COND  SPAZIO CARMENERE CD BLOCO BL 07",41 99892209,Associação Privada,Ativas
1431524,INSTITUTO DE PESQUISA CARDIOMETABOLICA MARIO STURZENECKER,MCSSTURZENEKER@GMAIL.COM,RUA BALDUINO TAQUES,42 32247073,Associação Privada,Ativas
1431546,ASSOCIACAO MISSIONARIA DE JOCUMEIROS,ARLISBR@GMAIL.COM,RUA IZIDORO DE PAULA CORDEIRO,41 98472300,Associação Privada,Ativas
1431600,INSTITUTO UNIVERSALISTA LUZ DIVINA,RICARDOOLIVEIRASPH991@GMAIL.COM,RUA CARMEN MAITO STINGLIN,41 98723383,Organização Religiosa,Ativas
1431804,IGREJA DO EVANGELHO QUADRANGULAR,CNPJ@SGAF.ORG.BR,RUA NOSSA SENHORA DAS GRACAS,11 32263131,Organização Religiosa,Ativas
1431596,INSTITUTO REDE PROVIDUS LONDRINA,PROVIDUSINSTITUTO@GMAIL.COM,"RUA SOROCABA, QUADRA03 DATA 05",43 84093914,Associação Privada,Ativas
1431805,IGREJA DO EVANGELHO QUADRANGULAR,CNPJ@SGAF.ORG.BR,RUA SANTA CATARINA,11 32263131,Organização Religiosa,Ativas
1431644,COMUNIDADE EVANGELICA DE CONFISSAO LUTERANA DE ESQUINA CEU AZUL,PAROQUIALUTERANA_SH@HOTMAIL.COM,"RODOVIA PR 488, KM 61",45 32681303,Organização Religiosa,Ativas
1431637,"ASSOCIACAO BRASILEIRA DE INOVACAO,TECNOLOGIA, EDUCACAO PROFISSIONAL E DESENVOLVIMENTO SOCIAL",CONTATO@PENSARE.ORG,"RUA JOSE LOUREIRO, LOJA  01",41 88201245,Associação Privada,Ativas
1431819,IGREJA DO EVANGELHO QUADRANGULAR,CNPJ@SGAF.ORG.BR,RUA JOSE DANTAS DE LIMA,11 32263131,Organização Religiosa,Ativas
1431893,ASSOCIACAO PEDAGOGICA ANTROPOSOFICA TURMALINA,FINANCEIRO@ESCOLATURMALINA.ORG.BR,RUA JOAO ALEX,41 33730238,Associação Privada,Ativas
1431906,IRMANDADE DA SANTA CASA DE MISERICORDIA DE CURITIBA,FISCAL@SANTACASACURITIBA.COM.BR,RUA MARECHAL FLORIANO PEIXOTO,41 33203828,Associação Privada,Ativas
1431915,CLUB ATHLETICO PARANAENSE,CAP.CONTABILIDADE@ATHLETICO.COM.BR,RUA BUENOS AIRES,41 21055572,Associação Privada,Ativas
1431907,CENTRO DE INTEGRACAO EMPRESA-ESCOLA DO PARANA,LONDRINA@CIEEPR.ORG.BR,"AVENIDA SANTOS DUMONT, LOJA  101",43 33224226,Associação Privada,Ativas
1431918,IGREJA EVANGELICA MISSIONARIA SO O SENHOR E DEUS,SOCIETARIO@AUTCONCONTABILIDADE.COM.BR,"RUA CARLOS ROBERTO SEGHEZZI,",44 98631430,Organização Religiosa,Ativas
1431911,CONGREGACAO CRISTA NO BRASIL,DANIEL.CICERO@CONGREGACAO.ORG.BR,RUA PEDRO SILVA MEDEIROS,41 33292100,Organização Religiosa,Ativas
1431921,IGREJA EVANGELICA ASSEMBLEIA DE DEUS DE BANDEIRANTES - PARANA,ESCRITCARVALHO1589@GMAIL.COM,RUA ANTONIO PARRALEGO,43 35431589,Organização Religiosa,Ativas
1431920,IGREJA EVANGELICA ASSEMBLEIA DE DEUS DE BANDEIRANTES - PARANA,ESCRITCARVALHO1589@GMAIL.COM,AVENIDA JOAO CARVALHO DE MELO,43 99118536,Organização Religiosa,Ativas
1431922,IGREJA EVANGELICA ASSEMBLEIA DE DEUS DE BANDEIRANTES - PARANA,ESCRITCARVALHO1589@GMAIL.COM,AVENIDA ANTONIO MARTINS PINHAO,43 99118536,Organização Religiosa,Ativas
1431923,IGREJA EVANGELICA ASSEMBLEIA DE DEUS DE BANDEIRANTES - PARANA,ESCRITCARVALHO1589@GMAIL.COM,AVENIDA JOSE GALDINO DA COSTA,43 99118536,Organização Religiosa,Ativas
1431931,CONGREGACAO CRISTA NO BRASIL,CCB.IBAITI@GMAIL.COM,RUA TOMAZINA,43 91864544,Organização Religiosa,Ativas
1431930,CONGREGACAO CRISTA NO BRASIL,CCB.IBAITI@GMAIL.COM,RUA GOIAS,43 91864544,Organização Religiosa,Ativas
1431926,IGREJA PENTECOSTAL UNIDA DO BRASIL DISTRITO DO PARANA,TIAGOPEREIRA@IPUBPR.ORG.BR,AVENIDA DEPUTADO HEITOR ALENCAR FURTADO,41 91547096,Organização Religiosa,Ativas
1431934,CONGREGACAO CRISTA NO BRASIL,CCB.IBAITI@GMAIL.COM,RUA ANTONIO BATISTA DO NASCIMENTO,43 91864544,Organização Religiosa,Ativas
1431935,CONGREGACAO CRISTA NO BRASIL,CCB.IBAITI@GMAIL.COM,RUA QUADRA 02,43 91864544,Organização Religiosa,Ativas
1431949,FUNDACAO ABC PARA ASSISTENCIA E DIV.TEC.AGROPECUARIA,FISCAL@FUNDACAOABC.ORG,"AVENIDA SENADOR FLAVIO CARVALHO GUIMARAES, LOTE  EM FRENTE AO N 9001",42 32338641,Fundação Privada,Ativas
1431952,CONGREGACAO CRISTA NO BRASIL,DFBASSANI@YAHOO.COM.BR,AVENIDA VEREADOR JOAO BATISTA RAMOS,43 99644265,Organização Religiosa,Ativas
1431955,IRMANDADE SANTA CASA DE MISERICORDIA DE MARINGA,EDMARCIO@SANTACASAMARINGA.COM.BR,RUA NEO ALVES MARTINS,44 30275610,Associação Privada,Ativas
1431953,INSTITUTO DE CANCER DE LONDRINA,CONTABILIDADE@HCL.ORG.BR,RUA BENTO MUNHOZ DA ROCHA NETO,43 33792642,Associação Privada,Ativas
1431957,"ASSOCIACAO DE PAIS, MESTRES E FUNCIONARIOS - APMF MATILDE BAER",catmatildebaer@seed.pr.gov.br,RUA GERONIMO CABRAL,42 32331499,Associação Privada,Ativas
1431956,IGREJA MISSIONARIA DE RECUPERACAO VALE DA BENCAO,CASADOTESOUROCONTABILIDADE@GMAIL.COM,RUA DOS LUTERANOS,41 30530053,Organização Religiosa,Ativas
1431959,CONGREGACAO CRISTA NO BRASIL,MAUROBERNARDO10USA@GMAIL.COM,"RODOVIA RUA QUINHAO 2, SERRA DOS MULATOS, BR 376 FAZENDA APUCARANA G",42 99336119,Organização Religiosa,Ativas
1431960,CONGREGACAO CRISTA NO BRASIL,MAUROBERNARDO10USA@GMAIL.COM,RUA PRINCIPAL,42 99336119,Organização Religiosa,Ativas
1431963,,,,,,
1431967,ASSOCIACAO NATARAJA DE KARATE SHOTOKAN,PROCESSOSADM@KONTAPAR.COM.BR,RUA PREFEITO AMBROSIO BINI,41 99969068,Associação Privada,Ativas
1431985,ASSOCIACAO REGIONAL DE ENGENHARIA ARQUITETURA E AGRONOMIA DE IBAITI,AREA.IBAITI@GMAIL.COM,RUA JOAQUIM DA SILVA REIS,43 35462385,Associação Privada,Ativas
1432008,IGREJA EVANGELICA CONGREGACIONAL DO BRASIL,UNIAOCON.IJU@TERRA.COM.BR,RUA PRINCIPAL,55 33325252,Associação Privada,Ativas
1432076,CENTRO DE AMPARO JESUS MARIA JOSE (CAJEMA),EDIRCEU@CAJEMA.ORG.BR,RUA EMILIANO DAVID PERNETA,41 35900257,Associação Privada,Ativas
1432173,ASSOCIACAO FLAVIA CRISTINA,IVONEPARENTE@SERCOMTEL.COM.BR,RUA CASSIANO RICARDO,43 33274828,Associação Privada,Ativas
1432048,,,,,,
1432231,IGREJA MUNDIAL DO PODER DE DEUS,CNPJ@IMPD.ORG.BR,"RUA CRISTOVAO COLOMBO, QUADRA26                  LOTE  04",11 35773815,Organização Religiosa,Ativas
1432251,"ASSOCIACAO DE AMIGOS, FAMILIARES E DOENTES MENTAIS DE LONDRINA - AFDM - LONDRINA",HOSPITALVIDA@HOSPITALVIDA.ORG.BR,RUA CASTRO ALVES,43 99760004,Associação Privada,Ativas
1432352,CONSELHO REGIONAL DOS DESPACHANTES DOCUMENTALISTAS DO ESTADO DO PARANA,<despachante.cristina@avalon.sul.com.br>,"RUA MARIANO TORRES, LOJA",041 2243320,Associação Privada,Ativas
1432350,ASSOCIACAO DA IGREJA METODISTA - 6a REGIAO ECLESIASTICA,ROSANGELA@METODISTA.COM.BR,RUA CANDIDO XAVIER,41 33221675,Organização Religiosa,Ativas
1432552,"GERAR - GERACAO DE EMPREGO, RENDA E APOIO AO DESENVOLVIMENTO REGIONAL",EV@EVCONTABILIDADE.COM.BR,RUA ERNESTO FONTANIVE,41 30396599,Associação Privada,Ativas
1432427,COMUNIDADE SAGRADA FAMILIA D. OLIVIO AURELIO FAZZA,COMUNIDADE-SAGRADAFAMILIA@HOTMAIL.COM,"ESTRADA CAMPO DO BAHIA, LOTE  RURAL 50-A-31GLEBA 1",45 35757286,Associação Privada,Ativas
1432538,IGREJA EVANGELICA TABERNACULO DA RESTAURACAO,DIASCOSTA.CONTABIL@GMAIL.COM,ESTRADA DOM RODRIGO,41 95432879,Organização Religiosa,Ativas
1432680,COMUNIDADE EVANGELICA ALCANCE DE CURITIBA,FINANCEIRO@ALCANCESABER.COM.BR,"RUA CASTRO, LOJA  A                   ANDAR TR                  COND  NAO INFORMADO       BLOCO ANTONIO YOSHITAMI HA",41 37771777,Organização Religiosa,Ativas
1433145,COMUNIDADE EVANGELICA SENHOR DOS EXERCITOS,MASSAOEADRIANE@GMAIL.COM,AVENIDA ANTONIO GASPARIN,41 98175211,Organização Religiosa,Ativas
1433029,MINISTERIO QUARTO ANJO - ADVERTENCIA FINAL,CONTATO@ADVERTENCIAFINAL.COM.BR,RUA LUIZ STABACH,41 85098425,Organização Religiosa,Ativas
1433178,ASSOCIACAO LM ALMEIDA,LIAMARAALMEIDA@HOTMAIL.COM,"AVENIDA MARECHAL FLORIANO PEIXOTO, LOJA  01",41 99540160,Associação Privada,Ativas
1433349,IGREJA PENTECOSTAL MARCA DA PROMESSA TEMPLO DOS MILAGRES,IVANIR@CONTABILIDADEIG.COM.BR,RUA 14 DE DEZEMBRO,46 32242637,Organização Religiosa,Suspensas
1433762,"ASSOCIACAO DE PAIS, MESTRES E FUNCIONARIOS (APMF)",,RUA CANARIOS,41 36270277,Associação Privada,Ativas
1394837,CASA DA GRACA MARINGA,IGREJACASADAGRACA@GMAIL.COM,RUA CARAMURU,44 30287071,Organização Religiosa,Ativas
1433685,IGREJA UNIVERSAL DO REINO DE DEUS,ATAS@SP.UNIVERSAL.ORG.BR,"ESTRADA PIRAPITINGA, LOTE  292-GLEBA SANTA CRUZ",11 23926746,Organização Religiosa,Ativas
1433626,"ASSOCIACAO DE PAIS, MESTRES E FUNCIONARIOS ETELVINA MATOS SILVA",SEDUC_PDDE@MARINGA.PR.GOV.BR,RUA LA PAZ,44 32216909,Associação Privada,Ativas
1433776,"ASSOCIACAO DE PAIS, MESTRES E FUNCIONARIOS DO INSTITUTO FEDERAL DO PARANA - CAMPUS COLOMBO",FALAVINHA@FALAVINHA.COM.BR,RUA ANTONIO CHEMIN,41 30404040,Associação Privada,Ativas
1433763,"ASSOCIACAO DE PAIS, MESTRES E FUNCIONARIOS (APMF)",MAUROPEDROSO228@HOTMAIL.COM,AVENIDA VENEZUELA,41 36044946,Associação Privada,Ativas
1433856,"ASSOCIACAO DE PAIS, MESTRES E FUNCIONARIOS REGIONAL ORISTELA",,ESTRADA PRINCIPAL DO TIGRE,41 36525791,Associação Privada,Ativas
1433906,"ASSOCIACAO DE PAIS, MESTRES E FUNCIONARIOS DO 3 COLEGIO DA POLICIA MILITAR DO PARANA",3CPM-P4@PM.PR.GOV.BR,AVENIDA MINAS GERAIS,43 35242126,Associação Privada,Ativas
1433848,FEDERACAO NACIONAL DAS ASSOCIACOES PROFISSIONAIS DE GEOGRAFOS,FENAGEO.OFICIAL@GMAIL.COM,AVENIDA DOUTOR GASTAO VIDIGAL,44 99255041,Associação Privada,Ativas
1433939,"ASSOCIACAO DE PAIS, MESTRES E FUNCIONARIOS ADEMAR SCHIAVONE",SEDUCaPDDE@MARINGA.PR.GOV.BR,RUA PIONEIRO WALDEMAR BUOSI,44 32216909,Associação Privada,Ativas
1433918,"ASSOCIACAO DE PAIS, MESTRES, SERVIDORES E COLABORADORES DO INSTITUTO FEDERAL DO PARANA, CAMPUS AVANCADO BARRACAO - APMF",NIKECONTABILIDADE@YAHOO.COM.BR,"RODOVIA BR 163, SALA  01",49 91435154,Associação Privada,Ativas
1433975,"ASSOCIACAO DE PAIS, MESTRES E FUNCIONARIOS TIA DENE",CMEIPROFIDENIR@GMAIL.COM,RUA SUECIA,44 34312418,Associação Privada,Ativas
1433949,TOCA DE ASSIS IRMAOS,ELONDRINA@FILHOSDAPOBREZA.ORG,RUA SAGITARIO,43 33614105,Associação Privada,Ativas
1434100,PROJETO SUNRISE,MARITMARQUES@HOTMAIL.COM,RUA SILVANA APARECIDA DA ROSA MARTINS,44 99107398,Associação Privada,Ativas
1434010,A ASSOCIACAO CASA DE ACOLHIMENTO ANJO DA GUARDA,DAGUARDAANJO369@GMAIL.COM,"RUA VALDOMIRO SOUZA HATHY, LETRA A",41 36761152,Associação Privada,Ativas
1434020,"ASSOCIACAO DE PAIS, MESTRES E FUNCIONARIOS DO 5O COLEGIO DA POLICIA MILITAR DE FOZ DO IGUACU",,AVENIDA JORGE SCHIMMELPFENG,45 99993005,Associação Privada,Ativas
1434144,ASSOCIACAO RECANTO SOSSEGO II,ASSOCIACAORECANTODOSOSSEGO2@GMAIL.COM,"ESTRADA ESPIGAO SAUDE-BOM SUCESSO, LOTE  01 SUBDIVISAO 164",43 31549513,Associação Privada,Ativas
1434164,ONG MAES DE AUTISTAS E TDAH BORDA DO CAMPO E REGIAO - OMAB,CONTROLGCONTABILIDADE@GMAIL.COM,"RUA CAPITAO JONAS MATEUS DE ALMEIDA, SALA  B",41 91025109,Associação Privada,Ativas
1434167,ASSOCIACAO ESPORTIVA GK SPORTS,GGRABOVSKI@YAHOO.COM.BR,"RUA AYRTON GREIFFO, APT   13                  COND  VILA VELHA CJ RES   BLOCO BL 01",41 99607240,Associação Privada,Ativas
1434214,"ASSOCIACAO ESPORTIVA, RECREATIVA E SOCIAL TAMARANA TECNOLOGIA",ASERESTA.TTA@GMAIL.COM,RODOVIA VICTORIO FRANCOVIG,43 96507335,Associação Privada,Ativas
1434267,COMUNIDADE MINISTERIO GRACA,PASTORAGRACILENEBORGES@GMAIL.COM,AVENIDA ELEUTERIO FERNANDES DE ANDRADE,41 98013259,Organização Religiosa,Ativas
1434268,INSTITUTO CALTEC DE CIENCIA E TECNOLOGIA - ICCT,FISCAL@CALTEC.COM.BR,RUA JOAO DAMBROWSKI,41 36038000,Associação Privada,Ativas
1434294,INSTITUTO MISERICORDES SICUT PATER,IMSPCG@GMAIL.COM,"RUA JOAO BETTEGA, CONJ  111                 ANDAR 01                  COND  NAO INFORMADO       BLOCO GALERIA REGIONAL DO",67 92536584,Organização Religiosa,Ativas
1434303,"ASSOCIACAO IBAITIENSE DE AUTISTAS, PAIS E AMIGOS DE PESSOAS COM TRANSTORNO DO ESPECTRO AUTISTA - AITEA",SALESLUCIANE0@GMAIL.COM,RUA PAU BRASIL,43 99076422,Associação Privada,Ativas
1434421,ASSOCIACAO PROJETO SORIR,PROJETOSORIR@OUTLOOK.COM,RUA FRANCISCO DE ALMEIDA FILHO,41 96420191,Associação Privada,Ativas
1434453,INSTITUTO GUIA PROFISSIONAL SOCIAL,RAFAELA@ICOP.COM.BR,"ALAMEDA DOM PEDRO II, CONJ  301                 COND  MARQUEZA DE SANTOS E",41 99360208,Associação Privada,Ativas
1434466,,,,,,
1434467,,,,,,
1434487,,,,,,
1434491,,,,,,
1434494,,,,,,
1434495,,,,,,
1434508,,,,,,
1434598,,,,,,
1434892,,,,,,
1435044,,,,,,
1434907,,,,,,
1434883,,,,,,
1434700,,,,,,
1434770,,,,,,
1435216,,,,,,
1435094,,,,,,
1435136,,,,,,
1435138,,,,,,
1435121,,,,,,
